"ReportDate","Pais","MAU_Rolling30Day"
"2022-01-03","Botswana","1"
"2022-01-04","Botswana","3"
"2022-01-05","Botswana","5"
"2022-01-06","Botswana","5"
"2022-01-07","Botswana","7"
"2022-01-08","Botswana","7"
"2022-01-09","Botswana","8"
"2022-01-10","Botswana","8"
"2022-01-11","Botswana","8"
"2022-01-12","Botswana","8"
"2022-01-13","Botswana","8"
"2022-01-14","Botswana","9"
"2022-01-15","Botswana","9"
"2022-01-16","Botswana","9"
"2022-01-17","Botswana","9"
"2022-01-18","Botswana","9"
"2022-01-19","Botswana","9"
"2022-01-20","Botswana","9"
"2022-01-21","Botswana","11"
"2022-01-22","Botswana","12"
"2022-01-23","Botswana","13"
"2022-01-24","Botswana","13"
"2022-01-25","Botswana","14"
"2022-01-26","Botswana","14"
"2022-01-27","Botswana","14"
"2022-01-28","Botswana","15"
"2022-01-29","Botswana","16"
"2022-01-30","Botswana","16"
"2022-01-31","Botswana","17"
"2022-02-01","Botswana","18"
"2022-02-02","Botswana","17"
"2022-02-03","Botswana","16"
"2022-02-04","Botswana","14"
"2022-02-05","Botswana","13"
"2022-02-06","Botswana","13"
"2022-02-07","Botswana","12"
"2022-02-08","Botswana","12"
"2022-02-09","Botswana","12"
"2022-02-10","Botswana","12"
"2022-02-11","Botswana","13"
"2022-02-12","Botswana","14"
"2022-02-13","Botswana","13"
"2022-02-14","Botswana","13"
"2022-02-15","Botswana","14"
"2022-02-16","Botswana","14"
"2022-02-17","Botswana","14"
"2022-02-18","Botswana","14"
"2022-02-19","Botswana","14"
"2022-02-20","Botswana","12"
"2022-02-21","Botswana","11"
"2022-02-22","Botswana","11"
"2022-02-23","Botswana","12"
"2022-02-24","Botswana","12"
"2022-02-25","Botswana","11"
"2022-02-26","Botswana","12"
"2022-02-27","Botswana","10"
"2022-02-28","Botswana","11"
"2022-03-01","Botswana","10"
"2022-03-02","Botswana","9"
"2022-03-03","Botswana","9"
"2022-03-04","Botswana","8"
"2022-03-05","Botswana","9"
"2022-03-06","Botswana","9"
"2022-03-07","Botswana","9"
"2022-03-08","Botswana","9"
"2022-03-09","Botswana","9"
"2022-03-10","Botswana","9"
"2022-03-11","Botswana","9"
"2022-03-12","Botswana","10"
"2022-03-13","Botswana","11"
"2022-03-14","Botswana","10"
"2022-03-15","Botswana","9"
"2022-03-16","Botswana","9"
"2022-03-17","Botswana","8"
"2022-03-18","Botswana","8"
"2022-03-19","Botswana","8"
"2022-03-20","Botswana","8"
"2022-03-21","Botswana","8"
"2022-03-22","Botswana","7"
"2022-03-23","Botswana","8"
"2022-03-24","Botswana","8"
"2022-03-25","Botswana","8"
"2022-03-26","Botswana","8"
"2022-03-27","Botswana","8"
"2022-03-28","Botswana","7"
"2022-03-29","Botswana","8"
"2022-03-30","Botswana","8"
"2022-03-31","Botswana","8"
"2022-04-01","Botswana","7"
"2022-04-02","Botswana","8"
"2022-04-03","Botswana","8"
"2022-04-04","Botswana","9"
"2022-04-05","Botswana","8"
"2022-04-06","Botswana","8"
"2022-04-07","Botswana","8"
"2022-04-08","Botswana","8"
"2022-04-09","Botswana","8"
"2022-04-10","Botswana","8"
"2022-04-11","Botswana","6"
"2022-04-12","Botswana","6"
"2022-04-13","Botswana","6"
"2022-04-14","Botswana","6"
"2022-04-15","Botswana","6"
"2022-04-16","Botswana","6"
"2022-04-17","Botswana","6"
"2022-04-18","Botswana","6"
"2022-04-19","Botswana","6"
"2022-04-20","Botswana","7"
"2022-04-21","Botswana","7"
"2022-04-22","Botswana","7"
"2022-04-23","Botswana","7"
"2022-04-24","Botswana","7"
"2022-04-25","Botswana","7"
"2022-04-26","Botswana","6"
"2022-04-27","Botswana","6"
"2022-04-28","Botswana","6"
"2022-04-29","Botswana","6"
"2022-04-30","Botswana","6"
"2022-05-01","Botswana","6"
"2022-05-02","Botswana","6"
"2022-05-03","Botswana","5"
"2022-05-04","Botswana","5"
"2022-05-05","Botswana","5"
"2022-05-06","Botswana","5"
"2022-05-07","Botswana","6"
"2022-05-08","Botswana","5"
"2022-05-09","Botswana","5"
"2022-05-10","Botswana","5"
"2022-05-11","Botswana","5"
"2022-05-12","Botswana","5"
"2022-05-13","Botswana","5"
"2022-05-14","Botswana","5"
"2022-05-15","Botswana","5"
"2022-05-16","Botswana","5"
"2022-05-17","Botswana","5"
"2022-05-18","Botswana","5"
"2022-05-19","Botswana","5"
"2022-05-20","Botswana","4"
"2022-05-21","Botswana","4"
"2022-05-22","Botswana","4"
"2022-05-23","Botswana","4"
"2022-05-24","Botswana","4"
"2022-05-25","Botswana","5"
"2022-05-26","Botswana","5"
"2022-05-27","Botswana","5"
"2022-05-28","Botswana","5"
"2022-05-29","Botswana","4"
"2022-05-30","Botswana","5"
"2022-05-31","Botswana","6"
"2022-06-01","Botswana","6"
"2022-06-02","Botswana","6"
"2022-06-03","Botswana","7"
"2022-06-04","Botswana","6"
"2022-06-05","Botswana","7"
"2022-06-06","Botswana","6"
"2022-06-07","Botswana","8"
"2022-06-08","Botswana","8"
"2022-06-09","Botswana","8"
"2022-06-10","Botswana","8"
"2022-06-11","Botswana","9"
"2022-06-12","Botswana","12"
"2022-06-13","Botswana","12"
"2022-06-14","Botswana","12"
"2022-06-15","Botswana","13"
"2022-06-16","Botswana","13"
"2022-06-17","Botswana","14"
"2022-06-18","Botswana","14"
"2022-06-19","Botswana","14"
"2022-06-20","Botswana","16"
"2022-06-21","Botswana","16"
"2022-06-22","Botswana","16"
"2022-06-23","Botswana","17"
"2022-06-24","Botswana","17"
"2022-06-25","Botswana","17"
"2022-06-26","Botswana","19"
"2022-06-27","Botswana","19"
"2022-06-28","Botswana","19"
"2022-06-29","Botswana","19"
"2022-06-30","Botswana","18"
"2022-07-01","Botswana","18"
"2022-07-02","Botswana","18"
"2022-07-03","Botswana","19"
"2022-07-04","Botswana","19"
"2022-07-05","Botswana","20"
"2022-07-06","Botswana","22"
"2022-07-07","Botswana","22"
"2022-07-08","Botswana","21"
"2022-07-09","Botswana","22"
"2022-07-10","Botswana","23"
"2022-07-11","Botswana","23"
"2022-07-12","Botswana","21"
"2022-07-13","Botswana","21"
"2022-07-14","Botswana","21"
"2022-07-15","Botswana","23"
"2022-07-16","Botswana","23"
"2022-07-17","Botswana","21"
"2022-07-18","Botswana","21"
"2022-07-19","Botswana","21"
"2022-07-20","Botswana","21"
"2022-07-21","Botswana","20"
"2022-07-22","Botswana","20"
"2022-07-23","Botswana","20"
"2022-07-24","Botswana","20"
"2022-07-25","Botswana","19"
"2022-07-26","Botswana","19"
"2022-07-27","Botswana","20"
"2022-07-28","Botswana","21"
"2022-07-29","Botswana","20"
"2022-07-30","Botswana","21"
"2022-07-31","Botswana","25"
"2022-08-01","Botswana","26"
"2022-08-02","Botswana","27"
"2022-08-03","Botswana","25"
"2022-08-04","Botswana","25"
"2022-08-05","Botswana","23"
"2022-08-06","Botswana","23"
"2022-08-07","Botswana","23"
"2022-08-08","Botswana","22"
"2022-08-09","Botswana","21"
"2022-08-10","Botswana","19"
"2022-08-11","Botswana","19"
"2022-08-12","Botswana","19"
"2022-08-13","Botswana","18"
"2022-08-14","Botswana","18"
"2022-08-15","Botswana","18"
"2022-08-16","Botswana","20"
"2022-08-17","Botswana","20"
"2022-08-18","Botswana","19"
"2022-08-19","Botswana","19"
"2022-08-20","Botswana","19"
"2022-08-21","Botswana","20"
"2022-08-22","Botswana","20"
"2022-08-23","Botswana","19"
"2022-08-24","Botswana","20"
"2022-08-25","Botswana","20"
"2022-08-26","Botswana","19"
"2022-08-27","Botswana","20"
"2022-08-28","Botswana","21"
"2022-08-29","Botswana","22"
"2022-08-30","Botswana","20"
"2022-08-31","Botswana","20"
"2022-09-01","Botswana","17"
"2022-09-02","Botswana","15"
"2022-09-03","Botswana","13"
"2022-09-04","Botswana","15"
"2022-09-05","Botswana","16"
"2022-09-06","Botswana","16"
"2022-09-07","Botswana","16"
"2022-09-08","Botswana","16"
"2022-09-09","Botswana","18"
"2022-09-10","Botswana","18"
"2022-09-11","Botswana","18"
"2022-09-12","Botswana","18"
"2022-09-13","Botswana","18"
"2022-09-14","Botswana","18"
"2022-09-15","Botswana","19"
"2022-09-16","Botswana","20"
"2022-09-17","Botswana","20"
"2022-09-18","Botswana","19"
"2022-09-19","Botswana","19"
"2022-09-20","Botswana","19"
"2022-09-21","Botswana","19"
"2022-09-22","Botswana","19"
"2022-09-23","Botswana","19"
"2022-09-24","Botswana","19"
"2022-09-25","Botswana","20"
"2022-09-26","Botswana","20"
"2022-09-27","Botswana","23"
"2022-09-28","Botswana","21"
"2022-09-29","Botswana","21"
"2022-09-30","Botswana","23"
"2022-10-01","Botswana","26"
"2022-10-02","Botswana","28"
"2022-10-03","Botswana","26"
"2022-10-04","Botswana","26"
"2022-10-05","Botswana","25"
"2022-10-06","Botswana","24"
"2022-10-07","Botswana","24"
"2022-10-08","Botswana","24"
"2022-10-09","Botswana","26"
"2022-10-10","Botswana","27"
"2022-10-11","Botswana","25"
"2022-10-12","Botswana","26"
"2022-10-13","Botswana","25"
"2022-10-14","Botswana","26"
"2022-10-15","Botswana","28"
"2022-10-16","Botswana","27"
"2022-10-17","Botswana","27"
"2022-10-18","Botswana","29"
"2022-10-19","Botswana","28"
"2022-10-20","Botswana","28"
"2022-10-21","Botswana","28"
"2022-10-22","Botswana","27"
"2022-10-23","Botswana","26"
"2022-10-24","Botswana","26"
"2022-10-25","Botswana","24"
"2022-10-26","Botswana","25"
"2022-10-27","Botswana","26"
"2022-10-28","Botswana","24"
"2022-10-29","Botswana","24"
"2022-10-30","Botswana","24"
"2022-10-31","Botswana","24"
"2022-11-01","Botswana","23"
"2022-11-02","Botswana","22"
"2022-11-03","Botswana","21"
"2022-11-04","Botswana","22"
"2022-11-05","Botswana","21"
"2022-11-06","Botswana","21"
"2022-11-07","Botswana","23"
"2022-11-08","Botswana","24"
"2022-11-09","Botswana","25"
"2022-11-10","Botswana","27"
"2022-11-11","Botswana","26"
"2022-11-12","Botswana","26"
"2022-11-13","Botswana","25"
"2022-11-14","Botswana","24"
"2022-11-15","Botswana","23"
"2022-11-16","Botswana","22"
"2022-11-17","Botswana","22"
"2022-11-18","Botswana","23"
"2022-11-19","Botswana","23"
"2022-11-20","Botswana","23"
"2022-11-21","Botswana","22"
"2022-11-22","Botswana","22"
"2022-11-23","Botswana","23"
"2022-11-24","Botswana","23"
"2022-11-25","Botswana","23"
"2022-11-26","Botswana","23"
"2022-11-27","Botswana","23"
"2022-11-28","Botswana","23"
"2022-11-29","Botswana","22"
"2022-11-30","Botswana","22"
"2022-12-01","Botswana","21"
"2022-12-02","Botswana","21"
"2022-12-03","Botswana","20"
"2022-12-04","Botswana","19"
"2022-12-05","Botswana","19"
"2022-12-06","Botswana","19"
"2022-12-07","Botswana","19"
"2022-12-08","Botswana","16"
"2022-12-09","Botswana","14"
"2022-12-10","Botswana","15"
"2022-12-11","Botswana","14"
"2022-12-12","Botswana","12"
"2022-12-13","Botswana","13"
"2022-12-14","Botswana","12"
"2022-12-15","Botswana","13"
"2022-12-16","Botswana","12"
"2022-12-17","Botswana","12"
"2022-12-18","Botswana","9"
"2022-12-19","Botswana","10"
"2022-12-20","Botswana","10"
"2022-12-21","Botswana","10"
"2022-12-22","Botswana","10"
"2022-12-23","Botswana","10"
"2022-12-24","Botswana","10"
"2022-12-25","Botswana","9"
"2022-12-26","Botswana","10"
"2022-12-27","Botswana","10"
"2022-12-28","Botswana","10"
"2022-12-29","Botswana","9"
"2022-12-30","Botswana","9"
"2022-12-31","Botswana","9"
"2022-01-03","Korea_North","1"
"2022-01-04","Korea_North","2"
"2022-01-05","Korea_North","3"
"2022-01-06","Korea_North","3"
"2022-01-07","Korea_North","3"
"2022-01-08","Korea_North","3"
"2022-01-09","Korea_North","3"
"2022-01-10","Korea_North","4"
"2022-01-11","Korea_North","5"
"2022-01-12","Korea_North","7"
"2022-01-13","Korea_North","7"
"2022-01-14","Korea_North","7"
"2022-01-15","Korea_North","9"
"2022-01-16","Korea_North","9"
"2022-01-17","Korea_North","9"
"2022-01-18","Korea_North","9"
"2022-01-19","Korea_North","9"
"2022-01-20","Korea_North","9"
"2022-01-21","Korea_North","9"
"2022-01-22","Korea_North","9"
"2022-01-23","Korea_North","9"
"2022-01-24","Korea_North","9"
"2022-01-25","Korea_North","11"
"2022-01-26","Korea_North","11"
"2022-01-27","Korea_North","11"
"2022-01-28","Korea_North","11"
"2022-01-29","Korea_North","13"
"2022-01-30","Korea_North","13"
"2022-01-31","Korea_North","13"
"2022-02-01","Korea_North","13"
"2022-02-02","Korea_North","12"
"2022-02-03","Korea_North","12"
"2022-02-04","Korea_North","11"
"2022-02-05","Korea_North","11"
"2022-02-06","Korea_North","11"
"2022-02-07","Korea_North","13"
"2022-02-08","Korea_North","13"
"2022-02-09","Korea_North","13"
"2022-02-10","Korea_North","12"
"2022-02-11","Korea_North","11"
"2022-02-12","Korea_North","10"
"2022-02-13","Korea_North","10"
"2022-02-14","Korea_North","9"
"2022-02-15","Korea_North","9"
"2022-02-16","Korea_North","9"
"2022-02-17","Korea_North","10"
"2022-02-18","Korea_North","10"
"2022-02-19","Korea_North","10"
"2022-02-20","Korea_North","10"
"2022-02-21","Korea_North","9"
"2022-02-22","Korea_North","10"
"2022-02-23","Korea_North","10"
"2022-02-24","Korea_North","8"
"2022-02-25","Korea_North","8"
"2022-02-26","Korea_North","8"
"2022-02-27","Korea_North","8"
"2022-02-28","Korea_North","6"
"2022-03-01","Korea_North","7"
"2022-03-02","Korea_North","7"
"2022-03-03","Korea_North","7"
"2022-03-04","Korea_North","7"
"2022-03-05","Korea_North","6"
"2022-03-06","Korea_North","6"
"2022-03-07","Korea_North","6"
"2022-03-08","Korea_North","6"
"2022-03-09","Korea_North","6"
"2022-03-10","Korea_North","6"
"2022-03-11","Korea_North","6"
"2022-03-12","Korea_North","5"
"2022-03-13","Korea_North","7"
"2022-03-14","Korea_North","7"
"2022-03-15","Korea_North","9"
"2022-03-16","Korea_North","9"
"2022-03-17","Korea_North","9"
"2022-03-18","Korea_North","9"
"2022-03-19","Korea_North","8"
"2022-03-20","Korea_North","9"
"2022-03-21","Korea_North","9"
"2022-03-22","Korea_North","9"
"2022-03-23","Korea_North","11"
"2022-03-24","Korea_North","11"
"2022-03-25","Korea_North","10"
"2022-03-26","Korea_North","12"
"2022-03-27","Korea_North","12"
"2022-03-28","Korea_North","12"
"2022-03-29","Korea_North","12"
"2022-03-30","Korea_North","11"
"2022-03-31","Korea_North","10"
"2022-04-01","Korea_North","10"
"2022-04-02","Korea_North","11"
"2022-04-03","Korea_North","11"
"2022-04-04","Korea_North","12"
"2022-04-05","Korea_North","12"
"2022-04-06","Korea_North","12"
"2022-04-07","Korea_North","13"
"2022-04-08","Korea_North","13"
"2022-04-09","Korea_North","12"
"2022-04-10","Korea_North","12"
"2022-04-11","Korea_North","12"
"2022-04-12","Korea_North","10"
"2022-04-13","Korea_North","10"
"2022-04-14","Korea_North","9"
"2022-04-15","Korea_North","8"
"2022-04-16","Korea_North","8"
"2022-04-17","Korea_North","8"
"2022-04-18","Korea_North","9"
"2022-04-19","Korea_North","9"
"2022-04-20","Korea_North","9"
"2022-04-21","Korea_North","10"
"2022-04-22","Korea_North","9"
"2022-04-23","Korea_North","8"
"2022-04-24","Korea_North","8"
"2022-04-25","Korea_North","6"
"2022-04-26","Korea_North","6"
"2022-04-27","Korea_North","6"
"2022-04-28","Korea_North","6"
"2022-04-29","Korea_North","7"
"2022-04-30","Korea_North","7"
"2022-05-01","Korea_North","7"
"2022-05-02","Korea_North","6"
"2022-05-03","Korea_North","6"
"2022-05-04","Korea_North","7"
"2022-05-05","Korea_North","7"
"2022-05-06","Korea_North","8"
"2022-05-07","Korea_North","8"
"2022-05-08","Korea_North","8"
"2022-05-09","Korea_North","8"
"2022-05-10","Korea_North","8"
"2022-05-11","Korea_North","8"
"2022-05-12","Korea_North","8"
"2022-05-13","Korea_North","8"
"2022-05-14","Korea_North","9"
"2022-05-15","Korea_North","9"
"2022-05-16","Korea_North","9"
"2022-05-17","Korea_North","9"
"2022-05-18","Korea_North","10"
"2022-05-19","Korea_North","10"
"2022-05-20","Korea_North","10"
"2022-05-21","Korea_North","10"
"2022-05-22","Korea_North","10"
"2022-05-23","Korea_North","9"
"2022-05-24","Korea_North","9"
"2022-05-25","Korea_North","9"
"2022-05-26","Korea_North","9"
"2022-05-27","Korea_North","9"
"2022-05-28","Korea_North","9"
"2022-05-29","Korea_North","9"
"2022-05-30","Korea_North","8"
"2022-05-31","Korea_North","7"
"2022-06-01","Korea_North","6"
"2022-06-02","Korea_North","6"
"2022-06-03","Korea_North","5"
"2022-06-04","Korea_North","5"
"2022-06-05","Korea_North","5"
"2022-06-06","Korea_North","4"
"2022-06-07","Korea_North","7"
"2022-06-08","Korea_North","7"
"2022-06-09","Korea_North","7"
"2022-06-10","Korea_North","7"
"2022-06-11","Korea_North","9"
"2022-06-12","Korea_North","9"
"2022-06-13","Korea_North","10"
"2022-06-14","Korea_North","9"
"2022-06-15","Korea_North","9"
"2022-06-16","Korea_North","11"
"2022-06-17","Korea_North","11"
"2022-06-18","Korea_North","12"
"2022-06-19","Korea_North","12"
"2022-06-20","Korea_North","13"
"2022-06-21","Korea_North","15"
"2022-06-22","Korea_North","17"
"2022-06-23","Korea_North","17"
"2022-06-24","Korea_North","20"
"2022-06-25","Korea_North","20"
"2022-06-26","Korea_North","20"
"2022-06-27","Korea_North","20"
"2022-06-28","Korea_North","20"
"2022-06-29","Korea_North","20"
"2022-06-30","Korea_North","20"
"2022-07-01","Korea_North","21"
"2022-07-02","Korea_North","23"
"2022-07-03","Korea_North","23"
"2022-07-04","Korea_North","23"
"2022-07-05","Korea_North","24"
"2022-07-06","Korea_North","23"
"2022-07-07","Korea_North","22"
"2022-07-08","Korea_North","22"
"2022-07-09","Korea_North","21"
"2022-07-10","Korea_North","20"
"2022-07-11","Korea_North","20"
"2022-07-12","Korea_North","19"
"2022-07-13","Korea_North","18"
"2022-07-14","Korea_North","18"
"2022-07-15","Korea_North","18"
"2022-07-16","Korea_North","17"
"2022-07-17","Korea_North","16"
"2022-07-18","Korea_North","17"
"2022-07-19","Korea_North","16"
"2022-07-20","Korea_North","15"
"2022-07-21","Korea_North","16"
"2022-07-22","Korea_North","16"
"2022-07-23","Korea_North","16"
"2022-07-24","Korea_North","14"
"2022-07-25","Korea_North","14"
"2022-07-26","Korea_North","14"
"2022-07-27","Korea_North","13"
"2022-07-28","Korea_North","13"
"2022-07-29","Korea_North","15"
"2022-07-30","Korea_North","16"
"2022-07-31","Korea_North","16"
"2022-08-01","Korea_North","15"
"2022-08-02","Korea_North","15"
"2022-08-03","Korea_North","16"
"2022-08-04","Korea_North","15"
"2022-08-05","Korea_North","16"
"2022-08-06","Korea_North","17"
"2022-08-07","Korea_North","20"
"2022-08-08","Korea_North","21"
"2022-08-09","Korea_North","22"
"2022-08-10","Korea_North","22"
"2022-08-11","Korea_North","22"
"2022-08-12","Korea_North","22"
"2022-08-13","Korea_North","23"
"2022-08-14","Korea_North","23"
"2022-08-15","Korea_North","25"
"2022-08-16","Korea_North","25"
"2022-08-17","Korea_North","25"
"2022-08-18","Korea_North","26"
"2022-08-19","Korea_North","25"
"2022-08-20","Korea_North","24"
"2022-08-21","Korea_North","25"
"2022-08-22","Korea_North","25"
"2022-08-23","Korea_North","26"
"2022-08-24","Korea_North","24"
"2022-08-25","Korea_North","24"
"2022-08-26","Korea_North","24"
"2022-08-27","Korea_North","23"
"2022-08-28","Korea_North","26"
"2022-08-29","Korea_North","25"
"2022-08-30","Korea_North","25"
"2022-08-31","Korea_North","26"
"2022-09-01","Korea_North","25"
"2022-09-02","Korea_North","25"
"2022-09-03","Korea_North","25"
"2022-09-04","Korea_North","26"
"2022-09-05","Korea_North","24"
"2022-09-06","Korea_North","24"
"2022-09-07","Korea_North","21"
"2022-09-08","Korea_North","21"
"2022-09-09","Korea_North","21"
"2022-09-10","Korea_North","20"
"2022-09-11","Korea_North","20"
"2022-09-12","Korea_North","20"
"2022-09-13","Korea_North","20"
"2022-09-14","Korea_North","16"
"2022-09-15","Korea_North","17"
"2022-09-16","Korea_North","17"
"2022-09-17","Korea_North","18"
"2022-09-18","Korea_North","18"
"2022-09-19","Korea_North","18"
"2022-09-20","Korea_North","17"
"2022-09-21","Korea_North","16"
"2022-09-22","Korea_North","17"
"2022-09-23","Korea_North","17"
"2022-09-24","Korea_North","17"
"2022-09-25","Korea_North","17"
"2022-09-26","Korea_North","17"
"2022-09-27","Korea_North","16"
"2022-09-28","Korea_North","15"
"2022-09-29","Korea_North","16"
"2022-09-30","Korea_North","17"
"2022-10-01","Korea_North","19"
"2022-10-02","Korea_North","19"
"2022-10-03","Korea_North","21"
"2022-10-04","Korea_North","20"
"2022-10-05","Korea_North","21"
"2022-10-06","Korea_North","21"
"2022-10-07","Korea_North","21"
"2022-10-08","Korea_North","21"
"2022-10-09","Korea_North","21"
"2022-10-10","Korea_North","21"
"2022-10-11","Korea_North","21"
"2022-10-12","Korea_North","21"
"2022-10-13","Korea_North","22"
"2022-10-14","Korea_North","22"
"2022-10-15","Korea_North","21"
"2022-10-16","Korea_North","21"
"2022-10-17","Korea_North","20"
"2022-10-18","Korea_North","20"
"2022-10-19","Korea_North","19"
"2022-10-20","Korea_North","19"
"2022-10-21","Korea_North","19"
"2022-10-22","Korea_North","20"
"2022-10-23","Korea_North","19"
"2022-10-24","Korea_North","23"
"2022-10-25","Korea_North","22"
"2022-10-26","Korea_North","22"
"2022-10-27","Korea_North","24"
"2022-10-28","Korea_North","24"
"2022-10-29","Korea_North","23"
"2022-10-30","Korea_North","20"
"2022-10-31","Korea_North","21"
"2022-11-01","Korea_North","19"
"2022-11-02","Korea_North","19"
"2022-11-03","Korea_North","19"
"2022-11-04","Korea_North","20"
"2022-11-05","Korea_North","19"
"2022-11-06","Korea_North","19"
"2022-11-07","Korea_North","20"
"2022-11-08","Korea_North","21"
"2022-11-09","Korea_North","23"
"2022-11-10","Korea_North","24"
"2022-11-11","Korea_North","24"
"2022-11-12","Korea_North","25"
"2022-11-13","Korea_North","26"
"2022-11-14","Korea_North","26"
"2022-11-15","Korea_North","26"
"2022-11-16","Korea_North","25"
"2022-11-17","Korea_North","26"
"2022-11-18","Korea_North","26"
"2022-11-19","Korea_North","28"
"2022-11-20","Korea_North","29"
"2022-11-21","Korea_North","29"
"2022-11-22","Korea_North","29"
"2022-11-23","Korea_North","28"
"2022-11-24","Korea_North","29"
"2022-11-25","Korea_North","29"
"2022-11-26","Korea_North","29"
"2022-11-27","Korea_North","27"
"2022-11-28","Korea_North","27"
"2022-11-29","Korea_North","28"
"2022-11-30","Korea_North","28"
"2022-12-01","Korea_North","29"
"2022-12-02","Korea_North","29"
"2022-12-03","Korea_North","29"
"2022-12-04","Korea_North","29"
"2022-12-05","Korea_North","29"
"2022-12-06","Korea_North","29"
"2022-12-07","Korea_North","27"
"2022-12-08","Korea_North","27"
"2022-12-09","Korea_North","25"
"2022-12-10","Korea_North","24"
"2022-12-11","Korea_North","23"
"2022-12-12","Korea_North","23"
"2022-12-13","Korea_North","22"
"2022-12-14","Korea_North","22"
"2022-12-15","Korea_North","21"
"2022-12-16","Korea_North","20"
"2022-12-17","Korea_North","20"
"2022-12-18","Korea_North","17"
"2022-12-19","Korea_North","17"
"2022-12-20","Korea_North","15"
"2022-12-21","Korea_North","14"
"2022-12-22","Korea_North","12"
"2022-12-23","Korea_North","12"
"2022-12-24","Korea_North","12"
"2022-12-25","Korea_North","10"
"2022-12-26","Korea_North","9"
"2022-12-27","Korea_North","9"
"2022-12-28","Korea_North","9"
"2022-12-29","Korea_North","9"
"2022-12-30","Korea_North","9"
"2022-12-31","Korea_North","9"
"2022-01-01","Poland","1"
"2022-01-02","Poland","1"
"2022-01-03","Poland","1"
"2022-01-04","Poland","2"
"2022-01-05","Poland","2"
"2022-01-06","Poland","3"
"2022-01-07","Poland","3"
"2022-01-08","Poland","3"
"2022-01-09","Poland","4"
"2022-01-10","Poland","5"
"2022-01-11","Poland","5"
"2022-01-12","Poland","5"
"2022-01-13","Poland","5"
"2022-01-14","Poland","5"
"2022-01-15","Poland","5"
"2022-01-16","Poland","5"
"2022-01-17","Poland","5"
"2022-01-18","Poland","5"
"2022-01-19","Poland","5"
"2022-01-20","Poland","5"
"2022-01-21","Poland","5"
"2022-01-22","Poland","6"
"2022-01-23","Poland","6"
"2022-01-24","Poland","6"
"2022-01-25","Poland","6"
"2022-01-26","Poland","7"
"2022-01-27","Poland","8"
"2022-01-28","Poland","9"
"2022-01-29","Poland","10"
"2022-01-30","Poland","10"
"2022-01-31","Poland","10"
"2022-02-01","Poland","10"
"2022-02-02","Poland","10"
"2022-02-03","Poland","11"
"2022-02-04","Poland","11"
"2022-02-05","Poland","13"
"2022-02-06","Poland","13"
"2022-02-07","Poland","16"
"2022-02-08","Poland","16"
"2022-02-09","Poland","15"
"2022-02-10","Poland","16"
"2022-02-11","Poland","16"
"2022-02-12","Poland","16"
"2022-02-13","Poland","16"
"2022-02-14","Poland","16"
"2022-02-15","Poland","16"
"2022-02-16","Poland","16"
"2022-02-17","Poland","17"
"2022-02-18","Poland","18"
"2022-02-19","Poland","18"
"2022-02-20","Poland","19"
"2022-02-21","Poland","19"
"2022-02-22","Poland","19"
"2022-02-23","Poland","18"
"2022-02-24","Poland","18"
"2022-02-25","Poland","17"
"2022-02-26","Poland","17"
"2022-02-27","Poland","16"
"2022-02-28","Poland","15"
"2022-03-01","Poland","15"
"2022-03-02","Poland","15"
"2022-03-03","Poland","16"
"2022-03-04","Poland","16"
"2022-03-05","Poland","15"
"2022-03-06","Poland","14"
"2022-03-07","Poland","15"
"2022-03-08","Poland","15"
"2022-03-09","Poland","13"
"2022-03-10","Poland","12"
"2022-03-11","Poland","12"
"2022-03-12","Poland","11"
"2022-03-13","Poland","13"
"2022-03-14","Poland","13"
"2022-03-15","Poland","12"
"2022-03-16","Poland","12"
"2022-03-17","Poland","11"
"2022-03-18","Poland","14"
"2022-03-19","Poland","13"
"2022-03-20","Poland","12"
"2022-03-21","Poland","12"
"2022-03-22","Poland","12"
"2022-03-23","Poland","14"
"2022-03-24","Poland","13"
"2022-03-25","Poland","13"
"2022-03-26","Poland","14"
"2022-03-27","Poland","14"
"2022-03-28","Poland","13"
"2022-03-29","Poland","13"
"2022-03-30","Poland","12"
"2022-03-31","Poland","12"
"2022-04-01","Poland","14"
"2022-04-02","Poland","14"
"2022-04-03","Poland","13"
"2022-04-04","Poland","14"
"2022-04-05","Poland","14"
"2022-04-06","Poland","13"
"2022-04-07","Poland","13"
"2022-04-08","Poland","14"
"2022-04-09","Poland","14"
"2022-04-10","Poland","14"
"2022-04-11","Poland","14"
"2022-04-12","Poland","11"
"2022-04-13","Poland","11"
"2022-04-14","Poland","11"
"2022-04-15","Poland","11"
"2022-04-16","Poland","11"
"2022-04-17","Poland","10"
"2022-04-18","Poland","9"
"2022-04-19","Poland","9"
"2022-04-20","Poland","9"
"2022-04-21","Poland","9"
"2022-04-22","Poland","7"
"2022-04-23","Poland","7"
"2022-04-24","Poland","7"
"2022-04-25","Poland","6"
"2022-04-26","Poland","7"
"2022-04-27","Poland","7"
"2022-04-28","Poland","7"
"2022-04-29","Poland","7"
"2022-04-30","Poland","7"
"2022-05-01","Poland","5"
"2022-05-02","Poland","5"
"2022-05-03","Poland","5"
"2022-05-04","Poland","5"
"2022-05-05","Poland","5"
"2022-05-06","Poland","6"
"2022-05-07","Poland","6"
"2022-05-08","Poland","6"
"2022-05-09","Poland","6"
"2022-05-10","Poland","7"
"2022-05-11","Poland","7"
"2022-05-12","Poland","7"
"2022-05-13","Poland","7"
"2022-05-14","Poland","7"
"2022-05-15","Poland","7"
"2022-05-16","Poland","7"
"2022-05-17","Poland","7"
"2022-05-18","Poland","7"
"2022-05-19","Poland","8"
"2022-05-20","Poland","8"
"2022-05-21","Poland","8"
"2022-05-22","Poland","8"
"2022-05-23","Poland","8"
"2022-05-24","Poland","8"
"2022-05-25","Poland","8"
"2022-05-26","Poland","6"
"2022-05-27","Poland","6"
"2022-05-28","Poland","6"
"2022-05-29","Poland","6"
"2022-05-30","Poland","6"
"2022-05-31","Poland","6"
"2022-06-01","Poland","9"
"2022-06-02","Poland","9"
"2022-06-03","Poland","8"
"2022-06-04","Poland","9"
"2022-06-05","Poland","9"
"2022-06-06","Poland","10"
"2022-06-07","Poland","10"
"2022-06-08","Poland","10"
"2022-06-09","Poland","9"
"2022-06-10","Poland","9"
"2022-06-11","Poland","12"
"2022-06-12","Poland","13"
"2022-06-13","Poland","13"
"2022-06-14","Poland","13"
"2022-06-15","Poland","15"
"2022-06-16","Poland","15"
"2022-06-17","Poland","15"
"2022-06-18","Poland","14"
"2022-06-19","Poland","14"
"2022-06-20","Poland","15"
"2022-06-21","Poland","16"
"2022-06-22","Poland","18"
"2022-06-23","Poland","19"
"2022-06-24","Poland","21"
"2022-06-25","Poland","23"
"2022-06-26","Poland","24"
"2022-06-27","Poland","24"
"2022-06-28","Poland","24"
"2022-06-29","Poland","25"
"2022-06-30","Poland","26"
"2022-07-01","Poland","26"
"2022-07-02","Poland","26"
"2022-07-03","Poland","27"
"2022-07-04","Poland","29"
"2022-07-05","Poland","28"
"2022-07-06","Poland","28"
"2022-07-07","Poland","27"
"2022-07-08","Poland","27"
"2022-07-09","Poland","28"
"2022-07-10","Poland","28"
"2022-07-11","Poland","26"
"2022-07-12","Poland","25"
"2022-07-13","Poland","25"
"2022-07-14","Poland","25"
"2022-07-15","Poland","25"
"2022-07-16","Poland","26"
"2022-07-17","Poland","25"
"2022-07-18","Poland","25"
"2022-07-19","Poland","26"
"2022-07-20","Poland","26"
"2022-07-21","Poland","26"
"2022-07-22","Poland","25"
"2022-07-23","Poland","25"
"2022-07-24","Poland","22"
"2022-07-25","Poland","22"
"2022-07-26","Poland","21"
"2022-07-27","Poland","22"
"2022-07-28","Poland","22"
"2022-07-29","Poland","23"
"2022-07-30","Poland","26"
"2022-07-31","Poland","25"
"2022-08-01","Poland","26"
"2022-08-02","Poland","26"
"2022-08-03","Poland","27"
"2022-08-04","Poland","29"
"2022-08-05","Poland","27"
"2022-08-06","Poland","27"
"2022-08-07","Poland","26"
"2022-08-08","Poland","25"
"2022-08-09","Poland","25"
"2022-08-10","Poland","25"
"2022-08-11","Poland","28"
"2022-08-12","Poland","29"
"2022-08-13","Poland","31"
"2022-08-14","Poland","31"
"2022-08-15","Poland","29"
"2022-08-16","Poland","30"
"2022-08-17","Poland","29"
"2022-08-18","Poland","28"
"2022-08-19","Poland","27"
"2022-08-20","Poland","28"
"2022-08-21","Poland","28"
"2022-08-22","Poland","29"
"2022-08-23","Poland","29"
"2022-08-24","Poland","30"
"2022-08-25","Poland","30"
"2022-08-26","Poland","30"
"2022-08-27","Poland","29"
"2022-08-28","Poland","28"
"2022-08-29","Poland","27"
"2022-08-30","Poland","26"
"2022-08-31","Poland","27"
"2022-09-01","Poland","29"
"2022-09-02","Poland","30"
"2022-09-03","Poland","26"
"2022-09-04","Poland","26"
"2022-09-05","Poland","28"
"2022-09-06","Poland","27"
"2022-09-07","Poland","27"
"2022-09-08","Poland","28"
"2022-09-09","Poland","29"
"2022-09-10","Poland","27"
"2022-09-11","Poland","28"
"2022-09-12","Poland","26"
"2022-09-13","Poland","24"
"2022-09-14","Poland","24"
"2022-09-15","Poland","24"
"2022-09-16","Poland","25"
"2022-09-17","Poland","25"
"2022-09-18","Poland","25"
"2022-09-19","Poland","26"
"2022-09-20","Poland","24"
"2022-09-21","Poland","26"
"2022-09-22","Poland","26"
"2022-09-23","Poland","27"
"2022-09-24","Poland","27"
"2022-09-25","Poland","27"
"2022-09-26","Poland","27"
"2022-09-27","Poland","28"
"2022-09-28","Poland","27"
"2022-09-29","Poland","27"
"2022-09-30","Poland","29"
"2022-10-01","Poland","27"
"2022-10-02","Poland","29"
"2022-10-03","Poland","28"
"2022-10-04","Poland","28"
"2022-10-05","Poland","26"
"2022-10-06","Poland","25"
"2022-10-07","Poland","27"
"2022-10-08","Poland","27"
"2022-10-09","Poland","26"
"2022-10-10","Poland","26"
"2022-10-11","Poland","26"
"2022-10-12","Poland","27"
"2022-10-13","Poland","27"
"2022-10-14","Poland","28"
"2022-10-15","Poland","28"
"2022-10-16","Poland","29"
"2022-10-17","Poland","27"
"2022-10-18","Poland","29"
"2022-10-19","Poland","29"
"2022-10-20","Poland","29"
"2022-10-21","Poland","29"
"2022-10-22","Poland","27"
"2022-10-23","Poland","26"
"2022-10-24","Poland","26"
"2022-10-25","Poland","26"
"2022-10-26","Poland","27"
"2022-10-27","Poland","27"
"2022-10-28","Poland","28"
"2022-10-29","Poland","26"
"2022-10-30","Poland","25"
"2022-10-31","Poland","23"
"2022-11-01","Poland","23"
"2022-11-02","Poland","22"
"2022-11-03","Poland","22"
"2022-11-04","Poland","22"
"2022-11-05","Poland","21"
"2022-11-06","Poland","23"
"2022-11-07","Poland","22"
"2022-11-08","Poland","21"
"2022-11-09","Poland","20"
"2022-11-10","Poland","20"
"2022-11-11","Poland","20"
"2022-11-12","Poland","21"
"2022-11-13","Poland","21"
"2022-11-14","Poland","21"
"2022-11-15","Poland","21"
"2022-11-16","Poland","22"
"2022-11-17","Poland","24"
"2022-11-18","Poland","25"
"2022-11-19","Poland","25"
"2022-11-20","Poland","25"
"2022-11-21","Poland","24"
"2022-11-22","Poland","24"
"2022-11-23","Poland","24"
"2022-11-24","Poland","25"
"2022-11-25","Poland","28"
"2022-11-26","Poland","27"
"2022-11-27","Poland","27"
"2022-11-28","Poland","27"
"2022-11-29","Poland","28"
"2022-11-30","Poland","28"
"2022-12-01","Poland","28"
"2022-12-02","Poland","28"
"2022-12-03","Poland","27"
"2022-12-04","Poland","28"
"2022-12-05","Poland","28"
"2022-12-06","Poland","28"
"2022-12-07","Poland","26"
"2022-12-08","Poland","26"
"2022-12-09","Poland","26"
"2022-12-10","Poland","26"
"2022-12-11","Poland","27"
"2022-12-12","Poland","26"
"2022-12-13","Poland","27"
"2022-12-14","Poland","27"
"2022-12-15","Poland","26"
"2022-12-16","Poland","25"
"2022-12-17","Poland","25"
"2022-12-18","Poland","25"
"2022-12-19","Poland","25"
"2022-12-20","Poland","24"
"2022-12-21","Poland","22"
"2022-12-22","Poland","20"
"2022-12-23","Poland","20"
"2022-12-24","Poland","18"
"2022-12-25","Poland","16"
"2022-12-26","Poland","17"
"2022-12-27","Poland","17"
"2022-12-28","Poland","19"
"2022-12-29","Poland","17"
"2022-12-30","Poland","17"
"2022-12-31","Poland","19"
"2022-01-01","San_Marino","1"
"2022-01-02","San_Marino","2"
"2022-01-03","San_Marino","3"
"2022-01-04","San_Marino","4"
"2022-01-05","San_Marino","5"
"2022-01-06","San_Marino","5"
"2022-01-07","San_Marino","5"
"2022-01-08","San_Marino","7"
"2022-01-09","San_Marino","7"
"2022-01-10","San_Marino","7"
"2022-01-11","San_Marino","7"
"2022-01-12","San_Marino","7"
"2022-01-13","San_Marino","7"
"2022-01-14","San_Marino","8"
"2022-01-15","San_Marino","8"
"2022-01-16","San_Marino","8"
"2022-01-17","San_Marino","8"
"2022-01-18","San_Marino","8"
"2022-01-19","San_Marino","8"
"2022-01-20","San_Marino","8"
"2022-01-21","San_Marino","8"
"2022-01-22","San_Marino","8"
"2022-01-23","San_Marino","8"
"2022-01-24","San_Marino","8"
"2022-01-25","San_Marino","8"
"2022-01-26","San_Marino","8"
"2022-01-27","San_Marino","8"
"2022-01-28","San_Marino","8"
"2022-01-29","San_Marino","8"
"2022-01-30","San_Marino","8"
"2022-01-31","San_Marino","7"
"2022-02-01","San_Marino","6"
"2022-02-02","San_Marino","7"
"2022-02-03","San_Marino","7"
"2022-02-04","San_Marino","7"
"2022-02-05","San_Marino","7"
"2022-02-06","San_Marino","7"
"2022-02-07","San_Marino","6"
"2022-02-08","San_Marino","5"
"2022-02-09","San_Marino","5"
"2022-02-10","San_Marino","5"
"2022-02-11","San_Marino","5"
"2022-02-12","San_Marino","5"
"2022-02-13","San_Marino","5"
"2022-02-14","San_Marino","4"
"2022-02-15","San_Marino","5"
"2022-02-16","San_Marino","6"
"2022-02-17","San_Marino","6"
"2022-02-18","San_Marino","6"
"2022-02-19","San_Marino","6"
"2022-02-20","San_Marino","6"
"2022-02-21","San_Marino","6"
"2022-02-22","San_Marino","7"
"2022-02-23","San_Marino","7"
"2022-02-24","San_Marino","7"
"2022-02-25","San_Marino","7"
"2022-02-26","San_Marino","8"
"2022-02-27","San_Marino","9"
"2022-02-28","San_Marino","9"
"2022-03-01","San_Marino","9"
"2022-03-02","San_Marino","10"
"2022-03-03","San_Marino","11"
"2022-03-04","San_Marino","11"
"2022-03-05","San_Marino","10"
"2022-03-06","San_Marino","10"
"2022-03-07","San_Marino","10"
"2022-03-08","San_Marino","11"
"2022-03-09","San_Marino","11"
"2022-03-10","San_Marino","11"
"2022-03-11","San_Marino","11"
"2022-03-12","San_Marino","11"
"2022-03-13","San_Marino","11"
"2022-03-14","San_Marino","12"
"2022-03-15","San_Marino","13"
"2022-03-16","San_Marino","13"
"2022-03-17","San_Marino","13"
"2022-03-18","San_Marino","12"
"2022-03-19","San_Marino","11"
"2022-03-20","San_Marino","11"
"2022-03-21","San_Marino","12"
"2022-03-22","San_Marino","12"
"2022-03-23","San_Marino","12"
"2022-03-24","San_Marino","12"
"2022-03-25","San_Marino","12"
"2022-03-26","San_Marino","12"
"2022-03-27","San_Marino","12"
"2022-03-28","San_Marino","13"
"2022-03-29","San_Marino","12"
"2022-03-30","San_Marino","11"
"2022-03-31","San_Marino","10"
"2022-04-01","San_Marino","9"
"2022-04-02","San_Marino","9"
"2022-04-03","San_Marino","9"
"2022-04-04","San_Marino","9"
"2022-04-05","San_Marino","9"
"2022-04-06","San_Marino","9"
"2022-04-07","San_Marino","8"
"2022-04-08","San_Marino","8"
"2022-04-09","San_Marino","8"
"2022-04-10","San_Marino","8"
"2022-04-11","San_Marino","9"
"2022-04-12","San_Marino","10"
"2022-04-13","San_Marino","9"
"2022-04-14","San_Marino","8"
"2022-04-15","San_Marino","8"
"2022-04-16","San_Marino","8"
"2022-04-17","San_Marino","8"
"2022-04-18","San_Marino","8"
"2022-04-19","San_Marino","8"
"2022-04-20","San_Marino","8"
"2022-04-21","San_Marino","8"
"2022-04-22","San_Marino","7"
"2022-04-23","San_Marino","7"
"2022-04-24","San_Marino","7"
"2022-04-25","San_Marino","6"
"2022-04-26","San_Marino","6"
"2022-04-27","San_Marino","6"
"2022-04-28","San_Marino","6"
"2022-04-29","San_Marino","5"
"2022-04-30","San_Marino","6"
"2022-05-01","San_Marino","6"
"2022-05-02","San_Marino","6"
"2022-05-03","San_Marino","6"
"2022-05-04","San_Marino","6"
"2022-05-05","San_Marino","6"
"2022-05-06","San_Marino","7"
"2022-05-07","San_Marino","7"
"2022-05-08","San_Marino","7"
"2022-05-09","San_Marino","8"
"2022-05-10","San_Marino","8"
"2022-05-11","San_Marino","6"
"2022-05-12","San_Marino","6"
"2022-05-13","San_Marino","6"
"2022-05-14","San_Marino","5"
"2022-05-15","San_Marino","6"
"2022-05-16","San_Marino","6"
"2022-05-17","San_Marino","6"
"2022-05-18","San_Marino","6"
"2022-05-19","San_Marino","6"
"2022-05-20","San_Marino","7"
"2022-05-21","San_Marino","7"
"2022-05-22","San_Marino","7"
"2022-05-23","San_Marino","7"
"2022-05-24","San_Marino","7"
"2022-05-25","San_Marino","7"
"2022-05-26","San_Marino","7"
"2022-05-27","San_Marino","7"
"2022-05-28","San_Marino","7"
"2022-05-29","San_Marino","8"
"2022-05-30","San_Marino","7"
"2022-05-31","San_Marino","7"
"2022-06-01","San_Marino","7"
"2022-06-02","San_Marino","7"
"2022-06-03","San_Marino","7"
"2022-06-04","San_Marino","8"
"2022-06-05","San_Marino","7"
"2022-06-06","San_Marino","7"
"2022-06-07","San_Marino","7"
"2022-06-08","San_Marino","6"
"2022-06-09","San_Marino","7"
"2022-06-10","San_Marino","7"
"2022-06-11","San_Marino","8"
"2022-06-12","San_Marino","8"
"2022-06-13","San_Marino","8"
"2022-06-14","San_Marino","8"
"2022-06-15","San_Marino","8"
"2022-06-16","San_Marino","9"
"2022-06-17","San_Marino","10"
"2022-06-18","San_Marino","10"
"2022-06-19","San_Marino","10"
"2022-06-20","San_Marino","10"
"2022-06-21","San_Marino","11"
"2022-06-22","San_Marino","11"
"2022-06-23","San_Marino","12"
"2022-06-24","San_Marino","12"
"2022-06-25","San_Marino","12"
"2022-06-26","San_Marino","12"
"2022-06-27","San_Marino","12"
"2022-06-28","San_Marino","12"
"2022-06-29","San_Marino","13"
"2022-06-30","San_Marino","13"
"2022-07-01","San_Marino","13"
"2022-07-02","San_Marino","14"
"2022-07-03","San_Marino","14"
"2022-07-04","San_Marino","13"
"2022-07-05","San_Marino","13"
"2022-07-06","San_Marino","13"
"2022-07-07","San_Marino","15"
"2022-07-08","San_Marino","14"
"2022-07-09","San_Marino","15"
"2022-07-10","San_Marino","15"
"2022-07-11","San_Marino","15"
"2022-07-12","San_Marino","14"
"2022-07-13","San_Marino","15"
"2022-07-14","San_Marino","15"
"2022-07-15","San_Marino","17"
"2022-07-16","San_Marino","17"
"2022-07-17","San_Marino","17"
"2022-07-18","San_Marino","17"
"2022-07-19","San_Marino","19"
"2022-07-20","San_Marino","18"
"2022-07-21","San_Marino","17"
"2022-07-22","San_Marino","17"
"2022-07-23","San_Marino","17"
"2022-07-24","San_Marino","18"
"2022-07-25","San_Marino","18"
"2022-07-26","San_Marino","18"
"2022-07-27","San_Marino","18"
"2022-07-28","San_Marino","23"
"2022-07-29","San_Marino","23"
"2022-07-30","San_Marino","23"
"2022-07-31","San_Marino","25"
"2022-08-01","San_Marino","24"
"2022-08-02","San_Marino","24"
"2022-08-03","San_Marino","24"
"2022-08-04","San_Marino","24"
"2022-08-05","San_Marino","24"
"2022-08-06","San_Marino","25"
"2022-08-07","San_Marino","25"
"2022-08-08","San_Marino","24"
"2022-08-09","San_Marino","24"
"2022-08-10","San_Marino","24"
"2022-08-11","San_Marino","25"
"2022-08-12","San_Marino","24"
"2022-08-13","San_Marino","25"
"2022-08-14","San_Marino","26"
"2022-08-15","San_Marino","27"
"2022-08-16","San_Marino","26"
"2022-08-17","San_Marino","26"
"2022-08-18","San_Marino","26"
"2022-08-19","San_Marino","25"
"2022-08-20","San_Marino","25"
"2022-08-21","San_Marino","25"
"2022-08-22","San_Marino","28"
"2022-08-23","San_Marino","30"
"2022-08-24","San_Marino","35"
"2022-08-25","San_Marino","35"
"2022-08-26","San_Marino","35"
"2022-08-27","San_Marino","33"
"2022-08-28","San_Marino","32"
"2022-08-29","San_Marino","28"
"2022-08-30","San_Marino","29"
"2022-08-31","San_Marino","31"
"2022-09-01","San_Marino","30"
"2022-09-02","San_Marino","31"
"2022-09-03","San_Marino","31"
"2022-09-04","San_Marino","31"
"2022-09-05","San_Marino","29"
"2022-09-06","San_Marino","29"
"2022-09-07","San_Marino","29"
"2022-09-08","San_Marino","28"
"2022-09-09","San_Marino","27"
"2022-09-10","San_Marino","27"
"2022-09-11","San_Marino","26"
"2022-09-12","San_Marino","26"
"2022-09-13","San_Marino","25"
"2022-09-14","San_Marino","25"
"2022-09-15","San_Marino","26"
"2022-09-16","San_Marino","25"
"2022-09-17","San_Marino","24"
"2022-09-18","San_Marino","24"
"2022-09-19","San_Marino","24"
"2022-09-20","San_Marino","25"
"2022-09-21","San_Marino","21"
"2022-09-22","San_Marino","20"
"2022-09-23","San_Marino","18"
"2022-09-24","San_Marino","18"
"2022-09-25","San_Marino","18"
"2022-09-26","San_Marino","17"
"2022-09-27","San_Marino","18"
"2022-09-28","San_Marino","18"
"2022-09-29","San_Marino","18"
"2022-09-30","San_Marino","19"
"2022-10-01","San_Marino","19"
"2022-10-02","San_Marino","17"
"2022-10-03","San_Marino","18"
"2022-10-04","San_Marino","19"
"2022-10-05","San_Marino","21"
"2022-10-06","San_Marino","21"
"2022-10-07","San_Marino","21"
"2022-10-08","San_Marino","21"
"2022-10-09","San_Marino","21"
"2022-10-10","San_Marino","21"
"2022-10-11","San_Marino","22"
"2022-10-12","San_Marino","22"
"2022-10-13","San_Marino","22"
"2022-10-14","San_Marino","24"
"2022-10-15","San_Marino","22"
"2022-10-16","San_Marino","21"
"2022-10-17","San_Marino","22"
"2022-10-18","San_Marino","23"
"2022-10-19","San_Marino","23"
"2022-10-20","San_Marino","24"
"2022-10-21","San_Marino","24"
"2022-10-22","San_Marino","24"
"2022-10-23","San_Marino","25"
"2022-10-24","San_Marino","26"
"2022-10-25","San_Marino","26"
"2022-10-26","San_Marino","26"
"2022-10-27","San_Marino","24"
"2022-10-28","San_Marino","24"
"2022-10-29","San_Marino","24"
"2022-10-30","San_Marino","22"
"2022-10-31","San_Marino","21"
"2022-11-01","San_Marino","21"
"2022-11-02","San_Marino","21"
"2022-11-03","San_Marino","20"
"2022-11-04","San_Marino","21"
"2022-11-05","San_Marino","20"
"2022-11-06","San_Marino","21"
"2022-11-07","San_Marino","20"
"2022-11-08","San_Marino","19"
"2022-11-09","San_Marino","18"
"2022-11-10","San_Marino","18"
"2022-11-11","San_Marino","18"
"2022-11-12","San_Marino","16"
"2022-11-13","San_Marino","16"
"2022-11-14","San_Marino","14"
"2022-11-15","San_Marino","16"
"2022-11-16","San_Marino","16"
"2022-11-17","San_Marino","16"
"2022-11-18","San_Marino","15"
"2022-11-19","San_Marino","16"
"2022-11-20","San_Marino","15"
"2022-11-21","San_Marino","15"
"2022-11-22","San_Marino","14"
"2022-11-23","San_Marino","13"
"2022-11-24","San_Marino","13"
"2022-11-25","San_Marino","13"
"2022-11-26","San_Marino","12"
"2022-11-27","San_Marino","12"
"2022-11-28","San_Marino","11"
"2022-11-29","San_Marino","10"
"2022-11-30","San_Marino","11"
"2022-12-01","San_Marino","11"
"2022-12-02","San_Marino","12"
"2022-12-03","San_Marino","15"
"2022-12-04","San_Marino","16"
"2022-12-05","San_Marino","17"
"2022-12-06","San_Marino","16"
"2022-12-07","San_Marino","17"
"2022-12-08","San_Marino","18"
"2022-12-09","San_Marino","18"
"2022-12-10","San_Marino","17"
"2022-12-11","San_Marino","17"
"2022-12-12","San_Marino","17"
"2022-12-13","San_Marino","17"
"2022-12-14","San_Marino","17"
"2022-12-15","San_Marino","19"
"2022-12-16","San_Marino","19"
"2022-12-17","San_Marino","20"
"2022-12-18","San_Marino","20"
"2022-12-19","San_Marino","19"
"2022-12-20","San_Marino","19"
"2022-12-21","San_Marino","17"
"2022-12-22","San_Marino","17"
"2022-12-23","San_Marino","17"
"2022-12-24","San_Marino","18"
"2022-12-25","San_Marino","20"
"2022-12-26","San_Marino","23"
"2022-12-27","San_Marino","23"
"2022-12-28","San_Marino","24"
"2022-12-29","San_Marino","24"
"2022-12-30","San_Marino","24"
"2022-12-31","San_Marino","24"
"2022-01-03","Slovakia","1"
"2022-01-04","Slovakia","2"
"2022-01-05","Slovakia","5"
"2022-01-06","Slovakia","5"
"2022-01-07","Slovakia","5"
"2022-01-08","Slovakia","6"
"2022-01-09","Slovakia","6"
"2022-01-10","Slovakia","6"
"2022-01-11","Slovakia","8"
"2022-01-12","Slovakia","9"
"2022-01-13","Slovakia","11"
"2022-01-14","Slovakia","11"
"2022-01-15","Slovakia","11"
"2022-01-16","Slovakia","11"
"2022-01-17","Slovakia","11"
"2022-01-18","Slovakia","12"
"2022-01-19","Slovakia","12"
"2022-01-20","Slovakia","13"
"2022-01-21","Slovakia","13"
"2022-01-22","Slovakia","14"
"2022-01-23","Slovakia","14"
"2022-01-24","Slovakia","15"
"2022-01-25","Slovakia","15"
"2022-01-26","Slovakia","15"
"2022-01-27","Slovakia","16"
"2022-01-28","Slovakia","17"
"2022-01-29","Slovakia","17"
"2022-01-30","Slovakia","18"
"2022-01-31","Slovakia","18"
"2022-02-01","Slovakia","18"
"2022-02-02","Slovakia","20"
"2022-02-03","Slovakia","19"
"2022-02-04","Slovakia","16"
"2022-02-05","Slovakia","15"
"2022-02-06","Slovakia","16"
"2022-02-07","Slovakia","17"
"2022-02-08","Slovakia","17"
"2022-02-09","Slovakia","17"
"2022-02-10","Slovakia","17"
"2022-02-11","Slovakia","13"
"2022-02-12","Slovakia","11"
"2022-02-13","Slovakia","11"
"2022-02-14","Slovakia","11"
"2022-02-15","Slovakia","12"
"2022-02-16","Slovakia","12"
"2022-02-17","Slovakia","11"
"2022-02-18","Slovakia","11"
"2022-02-19","Slovakia","10"
"2022-02-20","Slovakia","10"
"2022-02-21","Slovakia","10"
"2022-02-22","Slovakia","10"
"2022-02-23","Slovakia","10"
"2022-02-24","Slovakia","11"
"2022-02-25","Slovakia","11"
"2022-02-26","Slovakia","10"
"2022-02-27","Slovakia","11"
"2022-02-28","Slovakia","11"
"2022-03-01","Slovakia","12"
"2022-03-02","Slovakia","11"
"2022-03-03","Slovakia","11"
"2022-03-04","Slovakia","10"
"2022-03-05","Slovakia","10"
"2022-03-06","Slovakia","10"
"2022-03-07","Slovakia","10"
"2022-03-08","Slovakia","9"
"2022-03-09","Slovakia","8"
"2022-03-10","Slovakia","9"
"2022-03-11","Slovakia","9"
"2022-03-12","Slovakia","9"
"2022-03-13","Slovakia","11"
"2022-03-14","Slovakia","11"
"2022-03-15","Slovakia","11"
"2022-03-16","Slovakia","11"
"2022-03-17","Slovakia","11"
"2022-03-18","Slovakia","11"
"2022-03-19","Slovakia","11"
"2022-03-20","Slovakia","12"
"2022-03-21","Slovakia","12"
"2022-03-22","Slovakia","13"
"2022-03-23","Slovakia","13"
"2022-03-24","Slovakia","13"
"2022-03-25","Slovakia","12"
"2022-03-26","Slovakia","11"
"2022-03-27","Slovakia","10"
"2022-03-28","Slovakia","11"
"2022-03-29","Slovakia","10"
"2022-03-30","Slovakia","9"
"2022-03-31","Slovakia","8"
"2022-04-01","Slovakia","8"
"2022-04-02","Slovakia","8"
"2022-04-03","Slovakia","8"
"2022-04-04","Slovakia","8"
"2022-04-05","Slovakia","7"
"2022-04-06","Slovakia","6"
"2022-04-07","Slovakia","8"
"2022-04-08","Slovakia","8"
"2022-04-09","Slovakia","8"
"2022-04-10","Slovakia","9"
"2022-04-11","Slovakia","10"
"2022-04-12","Slovakia","10"
"2022-04-13","Slovakia","10"
"2022-04-14","Slovakia","10"
"2022-04-15","Slovakia","10"
"2022-04-16","Slovakia","10"
"2022-04-17","Slovakia","10"
"2022-04-18","Slovakia","10"
"2022-04-19","Slovakia","10"
"2022-04-20","Slovakia","9"
"2022-04-21","Slovakia","9"
"2022-04-22","Slovakia","8"
"2022-04-23","Slovakia","8"
"2022-04-24","Slovakia","9"
"2022-04-25","Slovakia","8"
"2022-04-26","Slovakia","10"
"2022-04-27","Slovakia","9"
"2022-04-28","Slovakia","9"
"2022-04-29","Slovakia","10"
"2022-04-30","Slovakia","10"
"2022-05-01","Slovakia","10"
"2022-05-02","Slovakia","10"
"2022-05-03","Slovakia","10"
"2022-05-04","Slovakia","10"
"2022-05-05","Slovakia","10"
"2022-05-06","Slovakia","10"
"2022-05-07","Slovakia","10"
"2022-05-08","Slovakia","10"
"2022-05-09","Slovakia","9"
"2022-05-10","Slovakia","9"
"2022-05-11","Slovakia","9"
"2022-05-12","Slovakia","10"
"2022-05-13","Slovakia","10"
"2022-05-14","Slovakia","10"
"2022-05-15","Slovakia","9"
"2022-05-16","Slovakia","9"
"2022-05-17","Slovakia","8"
"2022-05-18","Slovakia","8"
"2022-05-19","Slovakia","8"
"2022-05-20","Slovakia","8"
"2022-05-21","Slovakia","9"
"2022-05-22","Slovakia","10"
"2022-05-23","Slovakia","11"
"2022-05-24","Slovakia","10"
"2022-05-25","Slovakia","10"
"2022-05-26","Slovakia","9"
"2022-05-27","Slovakia","8"
"2022-05-28","Slovakia","8"
"2022-05-29","Slovakia","7"
"2022-05-30","Slovakia","6"
"2022-05-31","Slovakia","6"
"2022-06-01","Slovakia","7"
"2022-06-02","Slovakia","7"
"2022-06-03","Slovakia","7"
"2022-06-04","Slovakia","8"
"2022-06-05","Slovakia","8"
"2022-06-06","Slovakia","9"
"2022-06-07","Slovakia","9"
"2022-06-08","Slovakia","9"
"2022-06-09","Slovakia","9"
"2022-06-10","Slovakia","9"
"2022-06-11","Slovakia","8"
"2022-06-12","Slovakia","9"
"2022-06-13","Slovakia","9"
"2022-06-14","Slovakia","10"
"2022-06-15","Slovakia","10"
"2022-06-16","Slovakia","10"
"2022-06-17","Slovakia","13"
"2022-06-18","Slovakia","13"
"2022-06-19","Slovakia","14"
"2022-06-20","Slovakia","13"
"2022-06-21","Slovakia","13"
"2022-06-22","Slovakia","13"
"2022-06-23","Slovakia","13"
"2022-06-24","Slovakia","13"
"2022-06-25","Slovakia","13"
"2022-06-26","Slovakia","15"
"2022-06-27","Slovakia","15"
"2022-06-28","Slovakia","15"
"2022-06-29","Slovakia","15"
"2022-06-30","Slovakia","15"
"2022-07-01","Slovakia","17"
"2022-07-02","Slovakia","19"
"2022-07-03","Slovakia","19"
"2022-07-04","Slovakia","20"
"2022-07-05","Slovakia","19"
"2022-07-06","Slovakia","20"
"2022-07-07","Slovakia","19"
"2022-07-08","Slovakia","23"
"2022-07-09","Slovakia","25"
"2022-07-10","Slovakia","26"
"2022-07-11","Slovakia","27"
"2022-07-12","Slovakia","26"
"2022-07-13","Slovakia","27"
"2022-07-14","Slovakia","30"
"2022-07-15","Slovakia","31"
"2022-07-16","Slovakia","32"
"2022-07-17","Slovakia","31"
"2022-07-18","Slovakia","31"
"2022-07-19","Slovakia","30"
"2022-07-20","Slovakia","29"
"2022-07-21","Slovakia","30"
"2022-07-22","Slovakia","30"
"2022-07-23","Slovakia","30"
"2022-07-24","Slovakia","30"
"2022-07-25","Slovakia","30"
"2022-07-26","Slovakia","32"
"2022-07-27","Slovakia","31"
"2022-07-28","Slovakia","34"
"2022-07-29","Slovakia","34"
"2022-07-30","Slovakia","35"
"2022-07-31","Slovakia","35"
"2022-08-01","Slovakia","36"
"2022-08-02","Slovakia","36"
"2022-08-03","Slovakia","36"
"2022-08-04","Slovakia","37"
"2022-08-05","Slovakia","36"
"2022-08-06","Slovakia","35"
"2022-08-07","Slovakia","37"
"2022-08-08","Slovakia","34"
"2022-08-09","Slovakia","36"
"2022-08-10","Slovakia","35"
"2022-08-11","Slovakia","34"
"2022-08-12","Slovakia","34"
"2022-08-13","Slovakia","34"
"2022-08-14","Slovakia","33"
"2022-08-15","Slovakia","32"
"2022-08-16","Slovakia","34"
"2022-08-17","Slovakia","34"
"2022-08-18","Slovakia","35"
"2022-08-19","Slovakia","35"
"2022-08-20","Slovakia","35"
"2022-08-21","Slovakia","36"
"2022-08-22","Slovakia","38"
"2022-08-23","Slovakia","38"
"2022-08-24","Slovakia","38"
"2022-08-25","Slovakia","39"
"2022-08-26","Slovakia","37"
"2022-08-27","Slovakia","34"
"2022-08-28","Slovakia","35"
"2022-08-29","Slovakia","34"
"2022-08-30","Slovakia","35"
"2022-08-31","Slovakia","35"
"2022-09-01","Slovakia","32"
"2022-09-02","Slovakia","33"
"2022-09-03","Slovakia","31"
"2022-09-04","Slovakia","32"
"2022-09-05","Slovakia","32"
"2022-09-06","Slovakia","31"
"2022-09-07","Slovakia","32"
"2022-09-08","Slovakia","28"
"2022-09-09","Slovakia","28"
"2022-09-10","Slovakia","28"
"2022-09-11","Slovakia","28"
"2022-09-12","Slovakia","28"
"2022-09-13","Slovakia","27"
"2022-09-14","Slovakia","27"
"2022-09-15","Slovakia","27"
"2022-09-16","Slovakia","26"
"2022-09-17","Slovakia","27"
"2022-09-18","Slovakia","26"
"2022-09-19","Slovakia","25"
"2022-09-20","Slovakia","25"
"2022-09-21","Slovakia","24"
"2022-09-22","Slovakia","24"
"2022-09-23","Slovakia","23"
"2022-09-24","Slovakia","25"
"2022-09-25","Slovakia","25"
"2022-09-26","Slovakia","27"
"2022-09-27","Slovakia","26"
"2022-09-28","Slovakia","24"
"2022-09-29","Slovakia","25"
"2022-09-30","Slovakia","22"
"2022-10-01","Slovakia","23"
"2022-10-02","Slovakia","23"
"2022-10-03","Slovakia","23"
"2022-10-04","Slovakia","23"
"2022-10-05","Slovakia","21"
"2022-10-06","Slovakia","22"
"2022-10-07","Slovakia","21"
"2022-10-08","Slovakia","21"
"2022-10-09","Slovakia","21"
"2022-10-10","Slovakia","21"
"2022-10-11","Slovakia","22"
"2022-10-12","Slovakia","23"
"2022-10-13","Slovakia","24"
"2022-10-14","Slovakia","25"
"2022-10-15","Slovakia","25"
"2022-10-16","Slovakia","24"
"2022-10-17","Slovakia","26"
"2022-10-18","Slovakia","25"
"2022-10-19","Slovakia","26"
"2022-10-20","Slovakia","25"
"2022-10-21","Slovakia","26"
"2022-10-22","Slovakia","27"
"2022-10-23","Slovakia","27"
"2022-10-24","Slovakia","27"
"2022-10-25","Slovakia","27"
"2022-10-26","Slovakia","26"
"2022-10-27","Slovakia","25"
"2022-10-28","Slovakia","27"
"2022-10-29","Slovakia","27"
"2022-10-30","Slovakia","26"
"2022-10-31","Slovakia","27"
"2022-11-01","Slovakia","26"
"2022-11-02","Slovakia","27"
"2022-11-03","Slovakia","28"
"2022-11-04","Slovakia","28"
"2022-11-05","Slovakia","27"
"2022-11-06","Slovakia","27"
"2022-11-07","Slovakia","27"
"2022-11-08","Slovakia","28"
"2022-11-09","Slovakia","30"
"2022-11-10","Slovakia","30"
"2022-11-11","Slovakia","30"
"2022-11-12","Slovakia","29"
"2022-11-13","Slovakia","26"
"2022-11-14","Slovakia","26"
"2022-11-15","Slovakia","26"
"2022-11-16","Slovakia","26"
"2022-11-17","Slovakia","26"
"2022-11-18","Slovakia","28"
"2022-11-19","Slovakia","28"
"2022-11-20","Slovakia","27"
"2022-11-21","Slovakia","26"
"2022-11-22","Slovakia","28"
"2022-11-23","Slovakia","28"
"2022-11-24","Slovakia","27"
"2022-11-25","Slovakia","27"
"2022-11-26","Slovakia","26"
"2022-11-27","Slovakia","25"
"2022-11-28","Slovakia","22"
"2022-11-29","Slovakia","22"
"2022-11-30","Slovakia","21"
"2022-12-01","Slovakia","22"
"2022-12-02","Slovakia","21"
"2022-12-03","Slovakia","20"
"2022-12-04","Slovakia","19"
"2022-12-05","Slovakia","19"
"2022-12-06","Slovakia","19"
"2022-12-07","Slovakia","20"
"2022-12-08","Slovakia","21"
"2022-12-09","Slovakia","21"
"2022-12-10","Slovakia","20"
"2022-12-11","Slovakia","19"
"2022-12-12","Slovakia","18"
"2022-12-13","Slovakia","18"
"2022-12-14","Slovakia","18"
"2022-12-15","Slovakia","21"
"2022-12-16","Slovakia","23"
"2022-12-17","Slovakia","23"
"2022-12-18","Slovakia","22"
"2022-12-19","Slovakia","21"
"2022-12-20","Slovakia","18"
"2022-12-21","Slovakia","18"
"2022-12-22","Slovakia","18"
"2022-12-23","Slovakia","20"
"2022-12-24","Slovakia","20"
"2022-12-25","Slovakia","19"
"2022-12-26","Slovakia","20"
"2022-12-27","Slovakia","22"
"2022-12-28","Slovakia","22"
"2022-12-29","Slovakia","24"
"2022-12-30","Slovakia","26"
"2022-12-31","Slovakia","28"
"2022-01-04","Slovenia","1"
"2022-01-05","Slovenia","1"
"2022-01-06","Slovenia","1"
"2022-01-07","Slovenia","3"
"2022-01-08","Slovenia","3"
"2022-01-09","Slovenia","3"
"2022-01-10","Slovenia","4"
"2022-01-11","Slovenia","5"
"2022-01-12","Slovenia","6"
"2022-01-13","Slovenia","6"
"2022-01-14","Slovenia","6"
"2022-01-15","Slovenia","6"
"2022-01-16","Slovenia","6"
"2022-01-17","Slovenia","6"
"2022-01-18","Slovenia","10"
"2022-01-19","Slovenia","10"
"2022-01-20","Slovenia","10"
"2022-01-21","Slovenia","10"
"2022-01-22","Slovenia","10"
"2022-01-23","Slovenia","12"
"2022-01-24","Slovenia","12"
"2022-01-25","Slovenia","12"
"2022-01-26","Slovenia","13"
"2022-01-27","Slovenia","13"
"2022-01-28","Slovenia","13"
"2022-01-29","Slovenia","14"
"2022-01-30","Slovenia","14"
"2022-01-31","Slovenia","14"
"2022-02-01","Slovenia","15"
"2022-02-02","Slovenia","16"
"2022-02-03","Slovenia","16"
"2022-02-04","Slovenia","16"
"2022-02-05","Slovenia","16"
"2022-02-06","Slovenia","15"
"2022-02-07","Slovenia","15"
"2022-02-08","Slovenia","15"
"2022-02-09","Slovenia","15"
"2022-02-10","Slovenia","15"
"2022-02-11","Slovenia","14"
"2022-02-12","Slovenia","14"
"2022-02-13","Slovenia","14"
"2022-02-14","Slovenia","14"
"2022-02-15","Slovenia","15"
"2022-02-16","Slovenia","15"
"2022-02-17","Slovenia","15"
"2022-02-18","Slovenia","14"
"2022-02-19","Slovenia","14"
"2022-02-20","Slovenia","14"
"2022-02-21","Slovenia","14"
"2022-02-22","Slovenia","13"
"2022-02-23","Slovenia","14"
"2022-02-24","Slovenia","16"
"2022-02-25","Slovenia","15"
"2022-02-26","Slovenia","15"
"2022-02-27","Slovenia","15"
"2022-02-28","Slovenia","15"
"2022-03-01","Slovenia","15"
"2022-03-02","Slovenia","15"
"2022-03-03","Slovenia","16"
"2022-03-04","Slovenia","16"
"2022-03-05","Slovenia","13"
"2022-03-06","Slovenia","14"
"2022-03-07","Slovenia","14"
"2022-03-08","Slovenia","14"
"2022-03-09","Slovenia","14"
"2022-03-10","Slovenia","13"
"2022-03-11","Slovenia","13"
"2022-03-12","Slovenia","13"
"2022-03-13","Slovenia","15"
"2022-03-14","Slovenia","15"
"2022-03-15","Slovenia","15"
"2022-03-16","Slovenia","15"
"2022-03-17","Slovenia","13"
"2022-03-18","Slovenia","13"
"2022-03-19","Slovenia","11"
"2022-03-20","Slovenia","10"
"2022-03-21","Slovenia","11"
"2022-03-22","Slovenia","11"
"2022-03-23","Slovenia","11"
"2022-03-24","Slovenia","10"
"2022-03-25","Slovenia","11"
"2022-03-26","Slovenia","10"
"2022-03-27","Slovenia","10"
"2022-03-28","Slovenia","9"
"2022-03-29","Slovenia","9"
"2022-03-30","Slovenia","9"
"2022-03-31","Slovenia","9"
"2022-04-01","Slovenia","10"
"2022-04-02","Slovenia","10"
"2022-04-03","Slovenia","10"
"2022-04-04","Slovenia","12"
"2022-04-05","Slovenia","12"
"2022-04-06","Slovenia","12"
"2022-04-07","Slovenia","12"
"2022-04-08","Slovenia","12"
"2022-04-09","Slovenia","12"
"2022-04-10","Slovenia","12"
"2022-04-11","Slovenia","12"
"2022-04-12","Slovenia","12"
"2022-04-13","Slovenia","11"
"2022-04-14","Slovenia","11"
"2022-04-15","Slovenia","11"
"2022-04-16","Slovenia","11"
"2022-04-17","Slovenia","11"
"2022-04-18","Slovenia","11"
"2022-04-19","Slovenia","11"
"2022-04-20","Slovenia","10"
"2022-04-21","Slovenia","10"
"2022-04-22","Slovenia","10"
"2022-04-23","Slovenia","11"
"2022-04-24","Slovenia","9"
"2022-04-25","Slovenia","7"
"2022-04-26","Slovenia","7"
"2022-04-27","Slovenia","7"
"2022-04-28","Slovenia","8"
"2022-04-29","Slovenia","8"
"2022-04-30","Slovenia","9"
"2022-05-01","Slovenia","8"
"2022-05-02","Slovenia","8"
"2022-05-03","Slovenia","8"
"2022-05-04","Slovenia","7"
"2022-05-05","Slovenia","5"
"2022-05-06","Slovenia","6"
"2022-05-07","Slovenia","9"
"2022-05-08","Slovenia","9"
"2022-05-09","Slovenia","10"
"2022-05-10","Slovenia","10"
"2022-05-11","Slovenia","10"
"2022-05-12","Slovenia","10"
"2022-05-13","Slovenia","10"
"2022-05-14","Slovenia","10"
"2022-05-15","Slovenia","10"
"2022-05-16","Slovenia","10"
"2022-05-17","Slovenia","10"
"2022-05-18","Slovenia","10"
"2022-05-19","Slovenia","10"
"2022-05-20","Slovenia","11"
"2022-05-21","Slovenia","12"
"2022-05-22","Slovenia","12"
"2022-05-23","Slovenia","12"
"2022-05-24","Slovenia","13"
"2022-05-25","Slovenia","13"
"2022-05-26","Slovenia","13"
"2022-05-27","Slovenia","12"
"2022-05-28","Slovenia","12"
"2022-05-29","Slovenia","12"
"2022-05-30","Slovenia","13"
"2022-05-31","Slovenia","13"
"2022-06-01","Slovenia","14"
"2022-06-02","Slovenia","14"
"2022-06-03","Slovenia","14"
"2022-06-04","Slovenia","14"
"2022-06-05","Slovenia","14"
"2022-06-06","Slovenia","12"
"2022-06-07","Slovenia","14"
"2022-06-08","Slovenia","14"
"2022-06-09","Slovenia","14"
"2022-06-10","Slovenia","14"
"2022-06-11","Slovenia","16"
"2022-06-12","Slovenia","16"
"2022-06-13","Slovenia","18"
"2022-06-14","Slovenia","18"
"2022-06-15","Slovenia","18"
"2022-06-16","Slovenia","19"
"2022-06-17","Slovenia","22"
"2022-06-18","Slovenia","23"
"2022-06-19","Slovenia","22"
"2022-06-20","Slovenia","22"
"2022-06-21","Slovenia","22"
"2022-06-22","Slovenia","23"
"2022-06-23","Slovenia","26"
"2022-06-24","Slovenia","25"
"2022-06-25","Slovenia","26"
"2022-06-26","Slovenia","26"
"2022-06-27","Slovenia","26"
"2022-06-28","Slovenia","26"
"2022-06-29","Slovenia","26"
"2022-06-30","Slovenia","26"
"2022-07-01","Slovenia","26"
"2022-07-02","Slovenia","27"
"2022-07-03","Slovenia","25"
"2022-07-04","Slovenia","27"
"2022-07-05","Slovenia","27"
"2022-07-06","Slovenia","27"
"2022-07-07","Slovenia","26"
"2022-07-08","Slovenia","25"
"2022-07-09","Slovenia","27"
"2022-07-10","Slovenia","28"
"2022-07-11","Slovenia","27"
"2022-07-12","Slovenia","30"
"2022-07-13","Slovenia","29"
"2022-07-14","Slovenia","30"
"2022-07-15","Slovenia","30"
"2022-07-16","Slovenia","30"
"2022-07-17","Slovenia","30"
"2022-07-18","Slovenia","29"
"2022-07-19","Slovenia","28"
"2022-07-20","Slovenia","27"
"2022-07-21","Slovenia","26"
"2022-07-22","Slovenia","26"
"2022-07-23","Slovenia","23"
"2022-07-24","Slovenia","24"
"2022-07-25","Slovenia","23"
"2022-07-26","Slovenia","24"
"2022-07-27","Slovenia","25"
"2022-07-28","Slovenia","28"
"2022-07-29","Slovenia","29"
"2022-07-30","Slovenia","30"
"2022-07-31","Slovenia","30"
"2022-08-01","Slovenia","29"
"2022-08-02","Slovenia","29"
"2022-08-03","Slovenia","28"
"2022-08-04","Slovenia","29"
"2022-08-05","Slovenia","31"
"2022-08-06","Slovenia","33"
"2022-08-07","Slovenia","33"
"2022-08-08","Slovenia","30"
"2022-08-09","Slovenia","30"
"2022-08-10","Slovenia","29"
"2022-08-11","Slovenia","26"
"2022-08-12","Slovenia","25"
"2022-08-13","Slovenia","24"
"2022-08-14","Slovenia","26"
"2022-08-15","Slovenia","27"
"2022-08-16","Slovenia","27"
"2022-08-17","Slovenia","27"
"2022-08-18","Slovenia","28"
"2022-08-19","Slovenia","29"
"2022-08-20","Slovenia","29"
"2022-08-21","Slovenia","29"
"2022-08-22","Slovenia","29"
"2022-08-23","Slovenia","31"
"2022-08-24","Slovenia","31"
"2022-08-25","Slovenia","30"
"2022-08-26","Slovenia","31"
"2022-08-27","Slovenia","29"
"2022-08-28","Slovenia","29"
"2022-08-29","Slovenia","29"
"2022-08-30","Slovenia","27"
"2022-08-31","Slovenia","27"
"2022-09-01","Slovenia","26"
"2022-09-02","Slovenia","27"
"2022-09-03","Slovenia","25"
"2022-09-04","Slovenia","24"
"2022-09-05","Slovenia","22"
"2022-09-06","Slovenia","22"
"2022-09-07","Slovenia","22"
"2022-09-08","Slovenia","21"
"2022-09-09","Slovenia","21"
"2022-09-10","Slovenia","21"
"2022-09-11","Slovenia","21"
"2022-09-12","Slovenia","21"
"2022-09-13","Slovenia","19"
"2022-09-14","Slovenia","20"
"2022-09-15","Slovenia","19"
"2022-09-16","Slovenia","19"
"2022-09-17","Slovenia","19"
"2022-09-18","Slovenia","19"
"2022-09-19","Slovenia","20"
"2022-09-20","Slovenia","18"
"2022-09-21","Slovenia","18"
"2022-09-22","Slovenia","16"
"2022-09-23","Slovenia","15"
"2022-09-24","Slovenia","16"
"2022-09-25","Slovenia","19"
"2022-09-26","Slovenia","21"
"2022-09-27","Slovenia","21"
"2022-09-28","Slovenia","23"
"2022-09-29","Slovenia","25"
"2022-09-30","Slovenia","26"
"2022-10-01","Slovenia","26"
"2022-10-02","Slovenia","26"
"2022-10-03","Slovenia","26"
"2022-10-04","Slovenia","25"
"2022-10-05","Slovenia","25"
"2022-10-06","Slovenia","25"
"2022-10-07","Slovenia","26"
"2022-10-08","Slovenia","28"
"2022-10-09","Slovenia","29"
"2022-10-10","Slovenia","30"
"2022-10-11","Slovenia","31"
"2022-10-12","Slovenia","31"
"2022-10-13","Slovenia","31"
"2022-10-14","Slovenia","31"
"2022-10-15","Slovenia","34"
"2022-10-16","Slovenia","35"
"2022-10-17","Slovenia","37"
"2022-10-18","Slovenia","37"
"2022-10-19","Slovenia","33"
"2022-10-20","Slovenia","33"
"2022-10-21","Slovenia","35"
"2022-10-22","Slovenia","34"
"2022-10-23","Slovenia","35"
"2022-10-24","Slovenia","35"
"2022-10-25","Slovenia","32"
"2022-10-26","Slovenia","31"
"2022-10-27","Slovenia","30"
"2022-10-28","Slovenia","28"
"2022-10-29","Slovenia","27"
"2022-10-30","Slovenia","25"
"2022-10-31","Slovenia","23"
"2022-11-01","Slovenia","24"
"2022-11-02","Slovenia","22"
"2022-11-03","Slovenia","23"
"2022-11-04","Slovenia","24"
"2022-11-05","Slovenia","24"
"2022-11-06","Slovenia","24"
"2022-11-07","Slovenia","22"
"2022-11-08","Slovenia","22"
"2022-11-09","Slovenia","21"
"2022-11-10","Slovenia","21"
"2022-11-11","Slovenia","22"
"2022-11-12","Slovenia","22"
"2022-11-13","Slovenia","21"
"2022-11-14","Slovenia","20"
"2022-11-15","Slovenia","20"
"2022-11-16","Slovenia","20"
"2022-11-17","Slovenia","20"
"2022-11-18","Slovenia","18"
"2022-11-19","Slovenia","20"
"2022-11-20","Slovenia","22"
"2022-11-21","Slovenia","21"
"2022-11-22","Slovenia","22"
"2022-11-23","Slovenia","22"
"2022-11-24","Slovenia","22"
"2022-11-25","Slovenia","22"
"2022-11-26","Slovenia","23"
"2022-11-27","Slovenia","22"
"2022-11-28","Slovenia","23"
"2022-11-29","Slovenia","23"
"2022-11-30","Slovenia","23"
"2022-12-01","Slovenia","22"
"2022-12-02","Slovenia","21"
"2022-12-03","Slovenia","21"
"2022-12-04","Slovenia","21"
"2022-12-05","Slovenia","21"
"2022-12-06","Slovenia","22"
"2022-12-07","Slovenia","23"
"2022-12-08","Slovenia","23"
"2022-12-09","Slovenia","22"
"2022-12-10","Slovenia","21"
"2022-12-11","Slovenia","20"
"2022-12-12","Slovenia","20"
"2022-12-13","Slovenia","19"
"2022-12-14","Slovenia","20"
"2022-12-15","Slovenia","20"
"2022-12-16","Slovenia","20"
"2022-12-17","Slovenia","22"
"2022-12-18","Slovenia","22"
"2022-12-19","Slovenia","22"
"2022-12-20","Slovenia","22"
"2022-12-21","Slovenia","22"
"2022-12-22","Slovenia","19"
"2022-12-23","Slovenia","19"
"2022-12-24","Slovenia","17"
"2022-12-25","Slovenia","17"
"2022-12-26","Slovenia","18"
"2022-12-27","Slovenia","18"
"2022-12-28","Slovenia","19"
"2022-12-29","Slovenia","19"
"2022-12-30","Slovenia","19"
"2022-12-31","Slovenia","18"
"2022-01-01","Sudan","1"
"2022-01-02","Sudan","2"
"2022-01-03","Sudan","3"
"2022-01-04","Sudan","3"
"2022-01-05","Sudan","4"
"2022-01-06","Sudan","4"
"2022-01-07","Sudan","5"
"2022-01-08","Sudan","6"
"2022-01-09","Sudan","7"
"2022-01-10","Sudan","8"
"2022-01-11","Sudan","9"
"2022-01-12","Sudan","9"
"2022-01-13","Sudan","9"
"2022-01-14","Sudan","9"
"2022-01-15","Sudan","9"
"2022-01-16","Sudan","9"
"2022-01-17","Sudan","9"
"2022-01-18","Sudan","9"
"2022-01-19","Sudan","9"
"2022-01-20","Sudan","9"
"2022-01-21","Sudan","9"
"2022-01-22","Sudan","11"
"2022-01-23","Sudan","12"
"2022-01-24","Sudan","12"
"2022-01-25","Sudan","12"
"2022-01-26","Sudan","13"
"2022-01-27","Sudan","13"
"2022-01-28","Sudan","13"
"2022-01-29","Sudan","13"
"2022-01-30","Sudan","13"
"2022-01-31","Sudan","13"
"2022-02-01","Sudan","12"
"2022-02-02","Sudan","12"
"2022-02-03","Sudan","13"
"2022-02-04","Sudan","12"
"2022-02-05","Sudan","12"
"2022-02-06","Sudan","12"
"2022-02-07","Sudan","12"
"2022-02-08","Sudan","12"
"2022-02-09","Sudan","11"
"2022-02-10","Sudan","12"
"2022-02-11","Sudan","12"
"2022-02-12","Sudan","11"
"2022-02-13","Sudan","11"
"2022-02-14","Sudan","13"
"2022-02-15","Sudan","13"
"2022-02-16","Sudan","13"
"2022-02-17","Sudan","15"
"2022-02-18","Sudan","16"
"2022-02-19","Sudan","16"
"2022-02-20","Sudan","16"
"2022-02-21","Sudan","16"
"2022-02-22","Sudan","14"
"2022-02-23","Sudan","15"
"2022-02-24","Sudan","15"
"2022-02-25","Sudan","15"
"2022-02-26","Sudan","15"
"2022-02-27","Sudan","15"
"2022-02-28","Sudan","15"
"2022-03-01","Sudan","16"
"2022-03-02","Sudan","16"
"2022-03-03","Sudan","15"
"2022-03-04","Sudan","15"
"2022-03-05","Sudan","15"
"2022-03-06","Sudan","15"
"2022-03-07","Sudan","14"
"2022-03-08","Sudan","14"
"2022-03-09","Sudan","12"
"2022-03-10","Sudan","12"
"2022-03-11","Sudan","13"
"2022-03-12","Sudan","12"
"2022-03-13","Sudan","13"
"2022-03-14","Sudan","13"
"2022-03-15","Sudan","13"
"2022-03-16","Sudan","11"
"2022-03-17","Sudan","10"
"2022-03-18","Sudan","10"
"2022-03-19","Sudan","9"
"2022-03-20","Sudan","8"
"2022-03-21","Sudan","8"
"2022-03-22","Sudan","8"
"2022-03-23","Sudan","9"
"2022-03-24","Sudan","8"
"2022-03-25","Sudan","8"
"2022-03-26","Sudan","8"
"2022-03-27","Sudan","8"
"2022-03-28","Sudan","7"
"2022-03-29","Sudan","6"
"2022-03-30","Sudan","6"
"2022-03-31","Sudan","5"
"2022-04-01","Sudan","5"
"2022-04-02","Sudan","5"
"2022-04-03","Sudan","6"
"2022-04-04","Sudan","6"
"2022-04-05","Sudan","6"
"2022-04-06","Sudan","7"
"2022-04-07","Sudan","8"
"2022-04-08","Sudan","8"
"2022-04-09","Sudan","9"
"2022-04-10","Sudan","9"
"2022-04-11","Sudan","8"
"2022-04-12","Sudan","8"
"2022-04-13","Sudan","9"
"2022-04-14","Sudan","8"
"2022-04-15","Sudan","9"
"2022-04-16","Sudan","10"
"2022-04-17","Sudan","10"
"2022-04-18","Sudan","10"
"2022-04-19","Sudan","10"
"2022-04-20","Sudan","10"
"2022-04-21","Sudan","10"
"2022-04-22","Sudan","9"
"2022-04-23","Sudan","11"
"2022-04-24","Sudan","10"
"2022-04-25","Sudan","10"
"2022-04-26","Sudan","11"
"2022-04-27","Sudan","12"
"2022-04-28","Sudan","12"
"2022-04-29","Sudan","12"
"2022-04-30","Sudan","12"
"2022-05-01","Sudan","12"
"2022-05-02","Sudan","12"
"2022-05-03","Sudan","12"
"2022-05-04","Sudan","14"
"2022-05-05","Sudan","14"
"2022-05-06","Sudan","13"
"2022-05-07","Sudan","13"
"2022-05-08","Sudan","12"
"2022-05-09","Sudan","11"
"2022-05-10","Sudan","11"
"2022-05-11","Sudan","11"
"2022-05-12","Sudan","10"
"2022-05-13","Sudan","9"
"2022-05-14","Sudan","9"
"2022-05-15","Sudan","9"
"2022-05-16","Sudan","9"
"2022-05-17","Sudan","9"
"2022-05-18","Sudan","9"
"2022-05-19","Sudan","9"
"2022-05-20","Sudan","9"
"2022-05-21","Sudan","9"
"2022-05-22","Sudan","9"
"2022-05-23","Sudan","9"
"2022-05-24","Sudan","7"
"2022-05-25","Sudan","7"
"2022-05-26","Sudan","6"
"2022-05-27","Sudan","5"
"2022-05-28","Sudan","5"
"2022-05-29","Sudan","5"
"2022-05-30","Sudan","6"
"2022-05-31","Sudan","6"
"2022-06-01","Sudan","8"
"2022-06-02","Sudan","7"
"2022-06-03","Sudan","5"
"2022-06-04","Sudan","5"
"2022-06-05","Sudan","5"
"2022-06-06","Sudan","6"
"2022-06-07","Sudan","6"
"2022-06-08","Sudan","6"
"2022-06-09","Sudan","7"
"2022-06-10","Sudan","7"
"2022-06-11","Sudan","8"
"2022-06-12","Sudan","9"
"2022-06-13","Sudan","9"
"2022-06-14","Sudan","9"
"2022-06-15","Sudan","9"
"2022-06-16","Sudan","9"
"2022-06-17","Sudan","10"
"2022-06-18","Sudan","14"
"2022-06-19","Sudan","15"
"2022-06-20","Sudan","15"
"2022-06-21","Sudan","16"
"2022-06-22","Sudan","17"
"2022-06-23","Sudan","17"
"2022-06-24","Sudan","17"
"2022-06-25","Sudan","18"
"2022-06-26","Sudan","18"
"2022-06-27","Sudan","19"
"2022-06-28","Sudan","19"
"2022-06-29","Sudan","19"
"2022-06-30","Sudan","19"
"2022-07-01","Sudan","20"
"2022-07-02","Sudan","20"
"2022-07-03","Sudan","20"
"2022-07-04","Sudan","22"
"2022-07-05","Sudan","24"
"2022-07-06","Sudan","25"
"2022-07-07","Sudan","26"
"2022-07-08","Sudan","27"
"2022-07-09","Sudan","27"
"2022-07-10","Sudan","27"
"2022-07-11","Sudan","26"
"2022-07-12","Sudan","28"
"2022-07-13","Sudan","28"
"2022-07-14","Sudan","30"
"2022-07-15","Sudan","31"
"2022-07-16","Sudan","31"
"2022-07-17","Sudan","30"
"2022-07-18","Sudan","29"
"2022-07-19","Sudan","29"
"2022-07-20","Sudan","29"
"2022-07-21","Sudan","27"
"2022-07-22","Sudan","27"
"2022-07-23","Sudan","25"
"2022-07-24","Sudan","25"
"2022-07-25","Sudan","27"
"2022-07-26","Sudan","28"
"2022-07-27","Sudan","29"
"2022-07-28","Sudan","29"
"2022-07-29","Sudan","31"
"2022-07-30","Sudan","34"
"2022-07-31","Sudan","36"
"2022-08-01","Sudan","35"
"2022-08-02","Sudan","36"
"2022-08-03","Sudan","32"
"2022-08-04","Sudan","33"
"2022-08-05","Sudan","31"
"2022-08-06","Sudan","30"
"2022-08-07","Sudan","30"
"2022-08-08","Sudan","29"
"2022-08-09","Sudan","32"
"2022-08-10","Sudan","32"
"2022-08-11","Sudan","33"
"2022-08-12","Sudan","32"
"2022-08-13","Sudan","32"
"2022-08-14","Sudan","30"
"2022-08-15","Sudan","30"
"2022-08-16","Sudan","30"
"2022-08-17","Sudan","29"
"2022-08-18","Sudan","28"
"2022-08-19","Sudan","27"
"2022-08-20","Sudan","27"
"2022-08-21","Sudan","28"
"2022-08-22","Sudan","29"
"2022-08-23","Sudan","29"
"2022-08-24","Sudan","29"
"2022-08-25","Sudan","29"
"2022-08-26","Sudan","28"
"2022-08-27","Sudan","28"
"2022-08-28","Sudan","27"
"2022-08-29","Sudan","24"
"2022-08-30","Sudan","22"
"2022-08-31","Sudan","23"
"2022-09-01","Sudan","24"
"2022-09-02","Sudan","23"
"2022-09-03","Sudan","24"
"2022-09-04","Sudan","24"
"2022-09-05","Sudan","25"
"2022-09-06","Sudan","26"
"2022-09-07","Sudan","28"
"2022-09-08","Sudan","27"
"2022-09-09","Sudan","25"
"2022-09-10","Sudan","24"
"2022-09-11","Sudan","23"
"2022-09-12","Sudan","22"
"2022-09-13","Sudan","22"
"2022-09-14","Sudan","22"
"2022-09-15","Sudan","21"
"2022-09-16","Sudan","24"
"2022-09-17","Sudan","24"
"2022-09-18","Sudan","24"
"2022-09-19","Sudan","28"
"2022-09-20","Sudan","27"
"2022-09-21","Sudan","26"
"2022-09-22","Sudan","26"
"2022-09-23","Sudan","26"
"2022-09-24","Sudan","26"
"2022-09-25","Sudan","28"
"2022-09-26","Sudan","26"
"2022-09-27","Sudan","26"
"2022-09-28","Sudan","26"
"2022-09-29","Sudan","26"
"2022-09-30","Sudan","27"
"2022-10-01","Sudan","28"
"2022-10-02","Sudan","29"
"2022-10-03","Sudan","30"
"2022-10-04","Sudan","29"
"2022-10-05","Sudan","28"
"2022-10-06","Sudan","29"
"2022-10-07","Sudan","29"
"2022-10-08","Sudan","27"
"2022-10-09","Sudan","26"
"2022-10-10","Sudan","24"
"2022-10-11","Sudan","24"
"2022-10-12","Sudan","26"
"2022-10-13","Sudan","26"
"2022-10-14","Sudan","26"
"2022-10-15","Sudan","27"
"2022-10-16","Sudan","27"
"2022-10-17","Sudan","25"
"2022-10-18","Sudan","26"
"2022-10-19","Sudan","24"
"2022-10-20","Sudan","25"
"2022-10-21","Sudan","27"
"2022-10-22","Sudan","25"
"2022-10-23","Sudan","25"
"2022-10-24","Sudan","24"
"2022-10-25","Sudan","23"
"2022-10-26","Sudan","23"
"2022-10-27","Sudan","22"
"2022-10-28","Sudan","23"
"2022-10-29","Sudan","24"
"2022-10-30","Sudan","24"
"2022-10-31","Sudan","23"
"2022-11-01","Sudan","23"
"2022-11-02","Sudan","25"
"2022-11-03","Sudan","25"
"2022-11-04","Sudan","26"
"2022-11-05","Sudan","28"
"2022-11-06","Sudan","28"
"2022-11-07","Sudan","29"
"2022-11-08","Sudan","28"
"2022-11-09","Sudan","28"
"2022-11-10","Sudan","27"
"2022-11-11","Sudan","27"
"2022-11-12","Sudan","27"
"2022-11-13","Sudan","26"
"2022-11-14","Sudan","25"
"2022-11-15","Sudan","27"
"2022-11-16","Sudan","28"
"2022-11-17","Sudan","28"
"2022-11-18","Sudan","28"
"2022-11-19","Sudan","28"
"2022-11-20","Sudan","26"
"2022-11-21","Sudan","27"
"2022-11-22","Sudan","26"
"2022-11-23","Sudan","25"
"2022-11-24","Sudan","25"
"2022-11-25","Sudan","25"
"2022-11-26","Sudan","25"
"2022-11-27","Sudan","25"
"2022-11-28","Sudan","23"
"2022-11-29","Sudan","24"
"2022-11-30","Sudan","24"
"2022-12-01","Sudan","25"
"2022-12-02","Sudan","26"
"2022-12-03","Sudan","24"
"2022-12-04","Sudan","25"
"2022-12-05","Sudan","25"
"2022-12-06","Sudan","24"
"2022-12-07","Sudan","25"
"2022-12-08","Sudan","25"
"2022-12-09","Sudan","28"
"2022-12-10","Sudan","28"
"2022-12-11","Sudan","28"
"2022-12-12","Sudan","31"
"2022-12-13","Sudan","32"
"2022-12-14","Sudan","31"
"2022-12-15","Sudan","29"
"2022-12-16","Sudan","28"
"2022-12-17","Sudan","28"
"2022-12-18","Sudan","26"
"2022-12-19","Sudan","27"
"2022-12-20","Sudan","26"
"2022-12-21","Sudan","26"
"2022-12-22","Sudan","25"
"2022-12-23","Sudan","25"
"2022-12-24","Sudan","25"
"2022-12-25","Sudan","25"
"2022-12-26","Sudan","25"
"2022-12-27","Sudan","27"
"2022-12-28","Sudan","27"
"2022-12-29","Sudan","27"
"2022-12-30","Sudan","27"
"2022-12-31","Sudan","26"
"2022-01-02","Tanzania","1"
"2022-01-03","Tanzania","2"
"2022-01-04","Tanzania","2"
"2022-01-05","Tanzania","2"
"2022-01-06","Tanzania","2"
"2022-01-07","Tanzania","2"
"2022-01-08","Tanzania","3"
"2022-01-09","Tanzania","3"
"2022-01-10","Tanzania","3"
"2022-01-11","Tanzania","3"
"2022-01-12","Tanzania","3"
"2022-01-13","Tanzania","3"
"2022-01-14","Tanzania","3"
"2022-01-15","Tanzania","4"
"2022-01-16","Tanzania","5"
"2022-01-17","Tanzania","5"
"2022-01-18","Tanzania","5"
"2022-01-19","Tanzania","5"
"2022-01-20","Tanzania","5"
"2022-01-21","Tanzania","5"
"2022-01-22","Tanzania","6"
"2022-01-23","Tanzania","6"
"2022-01-24","Tanzania","6"
"2022-01-25","Tanzania","7"
"2022-01-26","Tanzania","9"
"2022-01-27","Tanzania","9"
"2022-01-28","Tanzania","9"
"2022-01-29","Tanzania","9"
"2022-01-30","Tanzania","10"
"2022-01-31","Tanzania","11"
"2022-02-01","Tanzania","11"
"2022-02-02","Tanzania","12"
"2022-02-03","Tanzania","10"
"2022-02-04","Tanzania","10"
"2022-02-05","Tanzania","11"
"2022-02-06","Tanzania","12"
"2022-02-07","Tanzania","12"
"2022-02-08","Tanzania","11"
"2022-02-09","Tanzania","11"
"2022-02-10","Tanzania","11"
"2022-02-11","Tanzania","11"
"2022-02-12","Tanzania","11"
"2022-02-13","Tanzania","11"
"2022-02-14","Tanzania","10"
"2022-02-15","Tanzania","9"
"2022-02-16","Tanzania","9"
"2022-02-17","Tanzania","10"
"2022-02-18","Tanzania","10"
"2022-02-19","Tanzania","10"
"2022-02-20","Tanzania","10"
"2022-02-21","Tanzania","9"
"2022-02-22","Tanzania","10"
"2022-02-23","Tanzania","10"
"2022-02-24","Tanzania","9"
"2022-02-25","Tanzania","7"
"2022-02-26","Tanzania","7"
"2022-02-27","Tanzania","8"
"2022-02-28","Tanzania","9"
"2022-03-01","Tanzania","8"
"2022-03-02","Tanzania","9"
"2022-03-03","Tanzania","9"
"2022-03-04","Tanzania","8"
"2022-03-05","Tanzania","7"
"2022-03-06","Tanzania","7"
"2022-03-07","Tanzania","6"
"2022-03-08","Tanzania","6"
"2022-03-09","Tanzania","6"
"2022-03-10","Tanzania","6"
"2022-03-11","Tanzania","6"
"2022-03-12","Tanzania","6"
"2022-03-13","Tanzania","7"
"2022-03-14","Tanzania","7"
"2022-03-15","Tanzania","7"
"2022-03-16","Tanzania","7"
"2022-03-17","Tanzania","7"
"2022-03-18","Tanzania","7"
"2022-03-19","Tanzania","6"
"2022-03-20","Tanzania","6"
"2022-03-21","Tanzania","6"
"2022-03-22","Tanzania","6"
"2022-03-23","Tanzania","7"
"2022-03-24","Tanzania","6"
"2022-03-25","Tanzania","6"
"2022-03-26","Tanzania","7"
"2022-03-27","Tanzania","7"
"2022-03-28","Tanzania","9"
"2022-03-29","Tanzania","9"
"2022-03-30","Tanzania","8"
"2022-03-31","Tanzania","8"
"2022-04-01","Tanzania","8"
"2022-04-02","Tanzania","7"
"2022-04-03","Tanzania","7"
"2022-04-04","Tanzania","8"
"2022-04-05","Tanzania","8"
"2022-04-06","Tanzania","9"
"2022-04-07","Tanzania","8"
"2022-04-08","Tanzania","10"
"2022-04-09","Tanzania","10"
"2022-04-10","Tanzania","11"
"2022-04-11","Tanzania","11"
"2022-04-12","Tanzania","11"
"2022-04-13","Tanzania","11"
"2022-04-14","Tanzania","11"
"2022-04-15","Tanzania","11"
"2022-04-16","Tanzania","11"
"2022-04-17","Tanzania","11"
"2022-04-18","Tanzania","11"
"2022-04-19","Tanzania","11"
"2022-04-20","Tanzania","11"
"2022-04-21","Tanzania","11"
"2022-04-22","Tanzania","10"
"2022-04-23","Tanzania","11"
"2022-04-24","Tanzania","11"
"2022-04-25","Tanzania","10"
"2022-04-26","Tanzania","10"
"2022-04-27","Tanzania","9"
"2022-04-28","Tanzania","9"
"2022-04-29","Tanzania","8"
"2022-04-30","Tanzania","8"
"2022-05-01","Tanzania","8"
"2022-05-02","Tanzania","9"
"2022-05-03","Tanzania","9"
"2022-05-04","Tanzania","9"
"2022-05-05","Tanzania","9"
"2022-05-06","Tanzania","9"
"2022-05-07","Tanzania","9"
"2022-05-08","Tanzania","8"
"2022-05-09","Tanzania","8"
"2022-05-10","Tanzania","7"
"2022-05-11","Tanzania","7"
"2022-05-12","Tanzania","7"
"2022-05-13","Tanzania","7"
"2022-05-14","Tanzania","7"
"2022-05-15","Tanzania","8"
"2022-05-16","Tanzania","8"
"2022-05-17","Tanzania","8"
"2022-05-18","Tanzania","8"
"2022-05-19","Tanzania","7"
"2022-05-20","Tanzania","7"
"2022-05-21","Tanzania","7"
"2022-05-22","Tanzania","7"
"2022-05-23","Tanzania","6"
"2022-05-24","Tanzania","6"
"2022-05-25","Tanzania","6"
"2022-05-26","Tanzania","6"
"2022-05-27","Tanzania","6"
"2022-05-28","Tanzania","6"
"2022-05-29","Tanzania","6"
"2022-05-30","Tanzania","6"
"2022-05-31","Tanzania","6"
"2022-06-01","Tanzania","5"
"2022-06-02","Tanzania","5"
"2022-06-03","Tanzania","5"
"2022-06-04","Tanzania","4"
"2022-06-05","Tanzania","3"
"2022-06-06","Tanzania","6"
"2022-06-07","Tanzania","6"
"2022-06-08","Tanzania","7"
"2022-06-09","Tanzania","8"
"2022-06-10","Tanzania","8"
"2022-06-11","Tanzania","10"
"2022-06-12","Tanzania","12"
"2022-06-13","Tanzania","12"
"2022-06-14","Tanzania","11"
"2022-06-15","Tanzania","11"
"2022-06-16","Tanzania","13"
"2022-06-17","Tanzania","15"
"2022-06-18","Tanzania","15"
"2022-06-19","Tanzania","16"
"2022-06-20","Tanzania","16"
"2022-06-21","Tanzania","16"
"2022-06-22","Tanzania","16"
"2022-06-23","Tanzania","17"
"2022-06-24","Tanzania","18"
"2022-06-25","Tanzania","19"
"2022-06-26","Tanzania","20"
"2022-06-27","Tanzania","20"
"2022-06-28","Tanzania","20"
"2022-06-29","Tanzania","20"
"2022-06-30","Tanzania","22"
"2022-07-01","Tanzania","22"
"2022-07-02","Tanzania","22"
"2022-07-03","Tanzania","22"
"2022-07-04","Tanzania","23"
"2022-07-05","Tanzania","23"
"2022-07-06","Tanzania","23"
"2022-07-07","Tanzania","21"
"2022-07-08","Tanzania","23"
"2022-07-09","Tanzania","24"
"2022-07-10","Tanzania","24"
"2022-07-11","Tanzania","21"
"2022-07-12","Tanzania","23"
"2022-07-13","Tanzania","24"
"2022-07-14","Tanzania","23"
"2022-07-15","Tanzania","23"
"2022-07-16","Tanzania","22"
"2022-07-17","Tanzania","21"
"2022-07-18","Tanzania","23"
"2022-07-19","Tanzania","23"
"2022-07-20","Tanzania","22"
"2022-07-21","Tanzania","22"
"2022-07-22","Tanzania","20"
"2022-07-23","Tanzania","20"
"2022-07-24","Tanzania","19"
"2022-07-25","Tanzania","19"
"2022-07-26","Tanzania","18"
"2022-07-27","Tanzania","17"
"2022-07-28","Tanzania","18"
"2022-07-29","Tanzania","18"
"2022-07-30","Tanzania","18"
"2022-07-31","Tanzania","18"
"2022-08-01","Tanzania","19"
"2022-08-02","Tanzania","21"
"2022-08-03","Tanzania","22"
"2022-08-04","Tanzania","21"
"2022-08-05","Tanzania","20"
"2022-08-06","Tanzania","19"
"2022-08-07","Tanzania","18"
"2022-08-08","Tanzania","17"
"2022-08-09","Tanzania","18"
"2022-08-10","Tanzania","19"
"2022-08-11","Tanzania","18"
"2022-08-12","Tanzania","19"
"2022-08-13","Tanzania","18"
"2022-08-14","Tanzania","19"
"2022-08-15","Tanzania","19"
"2022-08-16","Tanzania","19"
"2022-08-17","Tanzania","17"
"2022-08-18","Tanzania","18"
"2022-08-19","Tanzania","19"
"2022-08-20","Tanzania","19"
"2022-08-21","Tanzania","20"
"2022-08-22","Tanzania","20"
"2022-08-23","Tanzania","20"
"2022-08-24","Tanzania","21"
"2022-08-25","Tanzania","22"
"2022-08-26","Tanzania","22"
"2022-08-27","Tanzania","22"
"2022-08-28","Tanzania","22"
"2022-08-29","Tanzania","21"
"2022-08-30","Tanzania","22"
"2022-08-31","Tanzania","22"
"2022-09-01","Tanzania","24"
"2022-09-02","Tanzania","22"
"2022-09-03","Tanzania","22"
"2022-09-04","Tanzania","22"
"2022-09-05","Tanzania","22"
"2022-09-06","Tanzania","21"
"2022-09-07","Tanzania","21"
"2022-09-08","Tanzania","21"
"2022-09-09","Tanzania","20"
"2022-09-10","Tanzania","20"
"2022-09-11","Tanzania","21"
"2022-09-12","Tanzania","23"
"2022-09-13","Tanzania","22"
"2022-09-14","Tanzania","21"
"2022-09-15","Tanzania","23"
"2022-09-16","Tanzania","23"
"2022-09-17","Tanzania","22"
"2022-09-18","Tanzania","21"
"2022-09-19","Tanzania","23"
"2022-09-20","Tanzania","22"
"2022-09-21","Tanzania","22"
"2022-09-22","Tanzania","21"
"2022-09-23","Tanzania","19"
"2022-09-24","Tanzania","24"
"2022-09-25","Tanzania","25"
"2022-09-26","Tanzania","24"
"2022-09-27","Tanzania","25"
"2022-09-28","Tanzania","28"
"2022-09-29","Tanzania","28"
"2022-09-30","Tanzania","27"
"2022-10-01","Tanzania","29"
"2022-10-02","Tanzania","29"
"2022-10-03","Tanzania","28"
"2022-10-04","Tanzania","29"
"2022-10-05","Tanzania","29"
"2022-10-06","Tanzania","31"
"2022-10-07","Tanzania","31"
"2022-10-08","Tanzania","31"
"2022-10-09","Tanzania","31"
"2022-10-10","Tanzania","31"
"2022-10-11","Tanzania","31"
"2022-10-12","Tanzania","30"
"2022-10-13","Tanzania","30"
"2022-10-14","Tanzania","29"
"2022-10-15","Tanzania","31"
"2022-10-16","Tanzania","32"
"2022-10-17","Tanzania","33"
"2022-10-18","Tanzania","33"
"2022-10-19","Tanzania","31"
"2022-10-20","Tanzania","29"
"2022-10-21","Tanzania","29"
"2022-10-22","Tanzania","30"
"2022-10-23","Tanzania","31"
"2022-10-24","Tanzania","29"
"2022-10-25","Tanzania","30"
"2022-10-26","Tanzania","28"
"2022-10-27","Tanzania","29"
"2022-10-28","Tanzania","29"
"2022-10-29","Tanzania","26"
"2022-10-30","Tanzania","24"
"2022-10-31","Tanzania","25"
"2022-11-01","Tanzania","24"
"2022-11-02","Tanzania","23"
"2022-11-03","Tanzania","23"
"2022-11-04","Tanzania","22"
"2022-11-05","Tanzania","22"
"2022-11-06","Tanzania","21"
"2022-11-07","Tanzania","22"
"2022-11-08","Tanzania","22"
"2022-11-09","Tanzania","22"
"2022-11-10","Tanzania","22"
"2022-11-11","Tanzania","23"
"2022-11-12","Tanzania","23"
"2022-11-13","Tanzania","22"
"2022-11-14","Tanzania","20"
"2022-11-15","Tanzania","20"
"2022-11-16","Tanzania","20"
"2022-11-17","Tanzania","19"
"2022-11-18","Tanzania","20"
"2022-11-19","Tanzania","23"
"2022-11-20","Tanzania","24"
"2022-11-21","Tanzania","24"
"2022-11-22","Tanzania","25"
"2022-11-23","Tanzania","24"
"2022-11-24","Tanzania","24"
"2022-11-25","Tanzania","25"
"2022-11-26","Tanzania","25"
"2022-11-27","Tanzania","26"
"2022-11-28","Tanzania","25"
"2022-11-29","Tanzania","25"
"2022-11-30","Tanzania","23"
"2022-12-01","Tanzania","22"
"2022-12-02","Tanzania","22"
"2022-12-03","Tanzania","24"
"2022-12-04","Tanzania","25"
"2022-12-05","Tanzania","25"
"2022-12-06","Tanzania","26"
"2022-12-07","Tanzania","23"
"2022-12-08","Tanzania","24"
"2022-12-09","Tanzania","24"
"2022-12-10","Tanzania","24"
"2022-12-11","Tanzania","24"
"2022-12-12","Tanzania","24"
"2022-12-13","Tanzania","24"
"2022-12-14","Tanzania","22"
"2022-12-15","Tanzania","22"
"2022-12-16","Tanzania","23"
"2022-12-17","Tanzania","22"
"2022-12-18","Tanzania","23"
"2022-12-19","Tanzania","18"
"2022-12-20","Tanzania","17"
"2022-12-21","Tanzania","18"
"2022-12-22","Tanzania","17"
"2022-12-23","Tanzania","17"
"2022-12-24","Tanzania","16"
"2022-12-25","Tanzania","16"
"2022-12-26","Tanzania","15"
"2022-12-27","Tanzania","15"
"2022-12-28","Tanzania","13"
"2022-12-29","Tanzania","12"
"2022-12-30","Tanzania","11"
"2022-12-31","Tanzania","13"
"2023-02-14","Tanzania","1"
